file_path,file_name,title,duration_seconds,added_at,last_used_at,times_used
/Users/z/Downloads/Kat_Rec/channels/kat_lofi/library/songs/305 Sunset Snare.mp3,305 Sunset Snare.mp3,305 Sunset Snare,99.912,2025-10-15T23:43:52.649286+07:00,,0
/Users/z/Downloads/Kat_Rec/channels/kat_lofi/library/songs/6th Street Soft Kick.mp3,6th Street Soft Kick.mp3,6th Street Soft Kick,126.864,2025-10-15T23:44:06.277641+07:00,,0
/Users/z/Downloads/Kat_Rec/channels/kat_lofi/library/songs/99% Rain.mp3,99% Rain.mp3,99% Rain,120.072,2025-10-13T23:35:08.264600+07:00,,0
/Users/z/Downloads/Kat_Rec/channels/kat_lofi/library/songs/A Jar Half Full of Melody.mp3,A Jar Half Full of Melody.mp3,A Jar Half Full of Melody,140.832,2025-10-15T23:29:14.333082+07:00,,0
/Users/z/Downloads/Kat_Rec/channels/kat_lofi/library/songs/A Neon Wind Blows Through Saturn’s Rings.mp3,A Neon Wind Blows Through Saturn’s Rings.mp3,A Neon Wind Blows Through Saturn’s Rings,128.040,2025-10-13T23:28:32.048841+07:00,,0
/Users/z/Downloads/Kat_Rec/channels/kat_lofi/library/songs/A Shirt That Smelled Like Sunday.mp3,A Shirt That Smelled Like Sunday.mp3,A Shirt That Smelled Like Sunday,121.560,2025-10-15T23:32:27.159447+07:00,,0
/Users/z/Downloads/Kat_Rec/channels/kat_lofi/library/songs/A Song Behind the Pantry Door.mp3,A Song Behind the Pantry Door.mp3,A Song Behind the Pantry Door,111.792,2025-10-15T23:31:00.881354+07:00,,0
/Users/z/Downloads/Kat_Rec/channels/kat_lofi/library/songs/A Tail and a Tall Latte.mp3,A Tail and a Tall Latte.mp3,A Tail and a Tall Latte,122.832,2025-10-15T23:53:07.231317+07:00,,0
/Users/z/Downloads/Kat_Rec/channels/kat_lofi/library/songs/Above the Skyline Below the Noise.mp3,Above the Skyline Below the Noise.mp3,Above the Skyline Below the Noise,162.672,2025-10-13T23:31:13.106078+07:00,,0
/Users/z/Downloads/Kat_Rec/channels/kat_lofi/library/songs/After Class and Strawberry Gum.mp3,After Class and Strawberry Gum.mp3,After Class and Strawberry Gum,152.832,2025-10-15T23:49:43.644714+07:00,,0
/Users/z/Downloads/Kat_Rec/channels/kat_lofi/library/songs/Afternoon Drizzled in Gold.mp3,Afternoon Drizzled in Gold.mp3,Afternoon Drizzled in Gold,99.864,2025-10-15T23:29:18.009175+07:00,,0
/Users/z/Downloads/Kat_Rec/channels/kat_lofi/library/songs/Afternoons in Goldenrod Light.mp3,Afternoons in Goldenrod Light.mp3,Afternoons in Goldenrod Light,144.840,2025-10-15T23:33:27.900226+07:00,,0
/Users/z/Downloads/Kat_Rec/channels/kat_lofi/library/songs/Aligned but Not Entwined.mp3,Aligned but Not Entwined.mp3,Aligned but Not Entwined,139.560,2025-10-15T23:27:53.950147+07:00,,0
/Users/z/Downloads/Kat_Rec/channels/kat_lofi/library/songs/Alpine Bells Beneath the First Light.mp3,Alpine Bells Beneath the First Light.mp3,Alpine Bells Beneath the First Light,158.880,2025-10-13T23:33:24.947333+07:00,,0
/Users/z/Downloads/Kat_Rec/channels/kat_lofi/library/songs/Amber Horizons Woven Through Whispering Pines.mp3,Amber Horizons Woven Through Whispering Pines.mp3,Amber Horizons Woven Through Whispering Pines,174.312,2025-10-13T23:37:37.663207+07:00,,0
/Users/z/Downloads/Kat_Rec/channels/kat_lofi/library/songs/Amber Lanterns Flicker Through Quiet Streets.mp3,Amber Lanterns Flicker Through Quiet Streets.mp3,Amber Lanterns Flicker Through Quiet Streets,158.184,2025-10-13T23:38:12.651863+07:00,,0
/Users/z/Downloads/Kat_Rec/channels/kat_lofi/library/songs/Asphalt Echoes in the Quiet Rain.mp3,Asphalt Echoes in the Quiet Rain.mp3,Asphalt Echoes in the Quiet Rain,189.720,2025-10-13T23:32:25.932596+07:00,,0
/Users/z/Downloads/Kat_Rec/channels/kat_lofi/library/songs/Astral Flow.mp3,Astral Flow.mp3,Astral Flow,197.520,2025-10-13T23:30:58.026109+07:00,,0
/Users/z/Downloads/Kat_Rec/channels/kat_lofi/library/songs/Aurora Drift.mp3,Aurora Drift.mp3,Aurora Drift,200.904,2025-10-13T23:32:37.042495+07:00,,0
/Users/z/Downloads/Kat_Rec/channels/kat_lofi/library/songs/Aurora Echoes Beneath Distant Stars.mp3,Aurora Echoes Beneath Distant Stars.mp3,Aurora Echoes Beneath Distant Stars,219.432,2025-10-13T23:36:12.503198+07:00,,0
/Users/z/Downloads/Kat_Rec/channels/kat_lofi/library/songs/Auroral Whispers.mp3,Auroral Whispers.mp3,Auroral Whispers,187.440,2025-10-13T23:32:31.829983+07:00,,0
/Users/z/Downloads/Kat_Rec/channels/kat_lofi/library/songs/Balcony Rhythm No. 2.mp3,Balcony Rhythm No. 2.mp3,Balcony Rhythm No. 2,118.992,2025-10-15T23:46:53.997771+07:00,,0
/Users/z/Downloads/Kat_Rec/channels/kat_lofi/library/songs/Bayside Reflections.mp3,Bayside Reflections.mp3,Bayside Reflections,115.104,2025-10-15T23:43:55.402394+07:00,,0
/Users/z/Downloads/Kat_Rec/channels/kat_lofi/library/songs/Before Goodbye.mp3,Before Goodbye.mp3,Before Goodbye,144.000,2025-10-15T23:21:23.291526+07:00,,0
/Users/z/Downloads/Kat_Rec/channels/kat_lofi/library/songs/Before Waking.mp3,Before Waking.mp3,Before Waking,176.040,2025-10-15T23:30:50.092958+07:00,,0
/Users/z/Downloads/Kat_Rec/channels/kat_lofi/library/songs/Beneath the Saguaro Sky.mp3,Beneath the Saguaro Sky.mp3,Beneath the Saguaro Sky,165.864,2025-10-15T23:34:50.242733+07:00,,0
/Users/z/Downloads/Kat_Rec/channels/kat_lofi/library/songs/Between the Chapters.mp3,Between the Chapters.mp3,Between the Chapters,148.440,2025-10-13T23:32:11.548360+07:00,,0
/Users/z/Downloads/Kat_Rec/channels/kat_lofi/library/songs/Beyond Silent Galaxies.mp3,Beyond Silent Galaxies.mp3,Beyond Silent Galaxies,195.024,2025-10-13T23:40:12.431526+07:00,,0
/Users/z/Downloads/Kat_Rec/channels/kat_lofi/library/songs/Birdsong at 7_12.mp3,Birdsong at 7_12.mp3,Birdsong at 7 12,138.600,2025-10-15T23:48:26.821018+07:00,,0
/Users/z/Downloads/Kat_Rec/channels/kat_lofi/library/songs/Bluebonnet and Breeze.mp3,Bluebonnet and Breeze.mp3,Bluebonnet and Breeze,164.880,2025-10-15T23:34:53.868834+07:00,,0
/Users/z/Downloads/Kat_Rec/channels/kat_lofi/library/songs/Blurry Paws in Morning Fog.mp3,Blurry Paws in Morning Fog.mp3,Blurry Paws in Morning Fog,173.280,2025-10-15T23:51:58.970364+07:00,,0
/Users/z/Downloads/Kat_Rec/channels/kat_lofi/library/songs/Both Reaching for the Same Pen.mp3,Both Reaching for the Same Pen.mp3,Both Reaching for the Same Pen,117.240,2025-10-15T23:21:11.129018+07:00,,0
/Users/z/Downloads/Kat_Rec/channels/kat_lofi/library/songs/Bourbon St..mp3,Bourbon St..mp3,Bourbon St.,132.864,2025-10-15T23:43:13.809643+07:00,,0
/Users/z/Downloads/Kat_Rec/channels/kat_lofi/library/songs/Brewed at 9_15.mp3,Brewed at 9_15.mp3,Brewed at 9 15,122.400,2025-10-15T23:46:38.830383+07:00,,0
/Users/z/Downloads/Kat_Rec/channels/kat_lofi/library/songs/Butter Between Verses.mp3,Butter Between Verses.mp3,Butter Between Verses,153.240,2025-10-15T23:29:33.525134+07:00,,0
/Users/z/Downloads/Kat_Rec/channels/kat_lofi/library/songs/By the Firelight.mp3,By the Firelight.mp3,By the Firelight,154.920,2025-10-15T23:46:02.623781+07:00,,0
/Users/z/Downloads/Kat_Rec/channels/kat_lofi/library/songs/Cable Car Reverie.mp3,Cable Car Reverie.mp3,Cable Car Reverie,131.232,2025-10-15T23:42:45.670683+07:00,,0
/Users/z/Downloads/Kat_Rec/channels/kat_lofi/library/songs/Cactus Loops at 3PM.mp3,Cactus Loops at 3PM.mp3,Cactus Loops at 3PM,152.760,2025-10-15T23:34:47.992325+07:00,,0
/Users/z/Downloads/Kat_Rec/channels/kat_lofi/library/songs/Card Catalog Dust.mp3,Card Catalog Dust.mp3,Card Catalog Dust,139.920,2025-10-15T23:51:37.478951+07:00,,0
/Users/z/Downloads/Kat_Rec/channels/kat_lofi/library/songs/Cat in the Blinds.mp3,Cat in the Blinds.mp3,Cat in the Blinds,146.352,2025-10-15T23:52:11.617261+07:00,,0
/Users/z/Downloads/Kat_Rec/channels/kat_lofi/library/songs/Cat King .mp3,Cat King .mp3,Cat King,125.184,2025-10-15T23:52:37.618930+07:00,,0
/Users/z/Downloads/Kat_Rec/channels/kat_lofi/library/songs/Catnaps and Daylight Dust.mp3,Catnaps and Daylight Dust.mp3,Catnaps and Daylight Dust,144.264,2025-10-15T23:53:14.704466+07:00,,0
/Users/z/Downloads/Kat_Rec/channels/kat_lofi/library/songs/Cedar Loops with Cinnamon.mp3,Cedar Loops with Cinnamon.mp3,Cedar Loops with Cinnamon,130.272,2025-10-15T23:49:52.309541+07:00,,0
/Users/z/Downloads/Kat_Rec/channels/kat_lofi/library/songs/Celestial Currents Through Silent Orbits.mp3,Celestial Currents Through Silent Orbits.mp3,Celestial Currents Through Silent Orbits,255.000,2025-10-13T23:37:53.876390+07:00,,0
/Users/z/Downloads/Kat_Rec/channels/kat_lofi/library/songs/Celestial Daydreams in Endless Orbit.mp3,Celestial Daydreams in Endless Orbit.mp3,Celestial Daydreams in Endless Orbit,253.200,2025-10-13T23:37:19.659446+07:00,,0
/Users/z/Downloads/Kat_Rec/channels/kat_lofi/library/songs/Celestial Veil Over Fading Horizons.mp3,Celestial Veil Over Fading Horizons.mp3,Celestial Veil Over Fading Horizons,152.040,2025-10-13T23:39:18.073162+07:00,,0
/Users/z/Downloads/Kat_Rec/channels/kat_lofi/library/songs/Chamomile Dreams.mp3,Chamomile Dreams.mp3,Chamomile Dreams,213.984,2025-10-15T23:50:02.698256+07:00,,0
/Users/z/Downloads/Kat_Rec/channels/kat_lofi/library/songs/Chromatic Drizzle Over Electric Skyline.mp3,Chromatic Drizzle Over Electric Skyline.mp3,Chromatic Drizzle Over Electric Skyline,279.864,2025-10-13T23:37:05.633803+07:00,,0
/Users/z/Downloads/Kat_Rec/channels/kat_lofi/library/songs/Chrome Shadows Under Neon Rain.mp3,Chrome Shadows Under Neon Rain.mp3,Chrome Shadows Under Neon Rain,257.664,2025-10-13T23:33:50.049153+07:00,,0
/Users/z/Downloads/Kat_Rec/channels/kat_lofi/library/songs/Cinnamon and Snow.mp3,Cinnamon and Snow.mp3,Cinnamon and Snow,96.000,2025-10-16T00:00:15.016896+07:00,,0
/Users/z/Downloads/Kat_Rec/channels/kat_lofi/library/songs/Cinnamon Loops and Candlelight.mp3,Cinnamon Loops and Candlelight.mp3,Cinnamon Loops and Candlelight,122.472,2025-10-16T00:00:11.247565+07:00,,0
/Users/z/Downloads/Kat_Rec/channels/kat_lofi/library/songs/Cinnamon Nights.mp3,Cinnamon Nights.mp3,Cinnamon Nights,179.592,2025-10-15T23:29:44.179393+07:00,,0
/Users/z/Downloads/Kat_Rec/channels/kat_lofi/library/songs/Cinnamon Smoke Beneath Wooden Beams.mp3,Cinnamon Smoke Beneath Wooden Beams.mp3,Cinnamon Smoke Beneath Wooden Beams,159.240,2025-10-13T23:32:39.720627+07:00,,0
/Users/z/Downloads/Kat_Rec/channels/kat_lofi/library/songs/Cinnamon Swirl Memory.mp3,Cinnamon Swirl Memory.mp3,Cinnamon Swirl Memory,152.712,2025-10-15T23:29:41.629959+07:00,,0
/Users/z/Downloads/Kat_Rec/channels/kat_lofi/library/songs/City Lights Glow.mp3,City Lights Glow.mp3,City Lights Glow,182.904,2025-10-15T23:41:31.646532+07:00,,0
/Users/z/Downloads/Kat_Rec/channels/kat_lofi/library/songs/Clay Walls and Cactus Loops.mp3,Clay Walls and Cactus Loops.mp3,Clay Walls and Cactus Loops,137.472,2025-10-15T23:41:44.181596+07:00,,0
/Users/z/Downloads/Kat_Rec/channels/kat_lofi/library/songs/Clean Mugs and Better Days.mp3,Clean Mugs and Better Days.mp3,Clean Mugs and Better Days,119.952,2025-10-15T23:46:41.371761+07:00,,0
/Users/z/Downloads/Kat_Rec/channels/kat_lofi/library/songs/Clouds Slow Enough to Follow.mp3,Clouds Slow Enough to Follow.mp3,Clouds Slow Enough to Follow,178.944,2025-10-15T23:46:23.616500+07:00,,0
/Users/z/Downloads/Kat_Rec/channels/kat_lofi/library/songs/Coatroom Echoes.mp3,Coatroom Echoes.mp3,Coatroom Echoes,151.872,2025-10-15T23:21:37.628421+07:00,,0
/Users/z/Downloads/Kat_Rec/channels/kat_lofi/library/songs/Cocoa Hut.mp3,Cocoa Hut.mp3,Cocoa Hut,121.512,2025-10-16T00:00:00.723072+07:00,,0
/Users/z/Downloads/Kat_Rec/channels/kat_lofi/library/songs/Cold Brew Reverie.mp3,Cold Brew Reverie.mp3,Cold Brew Reverie,151.824,2025-10-15T23:19:00.615954+07:00,,0
/Users/z/Downloads/Kat_Rec/channels/kat_lofi/library/songs/Comfort Without Curiosity.mp3,Comfort Without Curiosity.mp3,Comfort Without Curiosity,134.880,2025-10-15T23:19:49.053973+07:00,,0
/Users/z/Downloads/Kat_Rec/channels/kat_lofi/library/songs/Comma Then a Space.mp3,Comma Then a Space.mp3,Comma Then a Space,143.904,2025-10-15T23:48:17.820648+07:00,,0
/Users/z/Downloads/Kat_Rec/channels/kat_lofi/library/songs/Cookies That Never Made It to the Tin.mp3,Cookies That Never Made It to the Tin.mp3,Cookies That Never Made It to the Tin,113.040,2025-10-15T23:29:56.106534+07:00,,0
/Users/z/Downloads/Kat_Rec/channels/kat_lofi/library/songs/Corrugated Kingdom.mp3,Corrugated Kingdom.mp3,Corrugated Kingdom,122.304,2025-10-15T23:52:08.444459+07:00,,0
/Users/z/Downloads/Kat_Rec/channels/kat_lofi/library/songs/Cosmic Drift.mp3,Cosmic Drift.mp3,Cosmic Drift,135.264,2025-10-13T23:28:50.244176+07:00,,0
/Users/z/Downloads/Kat_Rec/channels/kat_lofi/library/songs/Cosmic Drip.mp3,Cosmic Drip.mp3,Cosmic Drip,141.792,2025-10-13T23:28:17.186704+07:00,,0
/Users/z/Downloads/Kat_Rec/channels/kat_lofi/library/songs/Cosmic Fever.mp3,Cosmic Fever.mp3,Cosmic Fever,204.960,2025-10-13T23:30:38.507913+07:00,,0
/Users/z/Downloads/Kat_Rec/channels/kat_lofi/library/songs/Cosmic Lanterns Above Sleeping Cities.mp3,Cosmic Lanterns Above Sleeping Cities.mp3,Cosmic Lanterns Above Sleeping Cities,215.424,2025-10-13T23:33:15.138139+07:00,,0
/Users/z/Downloads/Kat_Rec/channels/kat_lofi/library/songs/Cosmic Reverie.mp3,Cosmic Reverie.mp3,Cosmic Reverie,207.432,2025-10-13T23:29:41.542268+07:00,,0
/Users/z/Downloads/Kat_Rec/channels/kat_lofi/library/songs/Cosmic Square.mp3,Cosmic Square.mp3,Cosmic Square,323.760,2025-10-13T23:39:50.919910+07:00,,0
/Users/z/Downloads/Kat_Rec/channels/kat_lofi/library/songs/Cotton and the Quiet Hour.mp3,Cotton and the Quiet Hour.mp3,Cotton and the Quiet Hour,134.472,2025-10-15T23:31:07.078278+07:00,,0
/Users/z/Downloads/Kat_Rec/channels/kat_lofi/library/songs/Cotton Sky.mp3,Cotton Sky.mp3,Cotton Sky,125.904,2025-10-15T23:50:43.939608+07:00,,0
/Users/z/Downloads/Kat_Rec/channels/kat_lofi/library/songs/Cozy Chaos.mp3,Cozy Chaos.mp3,Cozy Chaos,129.840,2025-10-15T23:31:12.708574+07:00,,0
/Users/z/Downloads/Kat_Rec/channels/kat_lofi/library/songs/Crackling Pine and Vinyl Spice.mp3,Crackling Pine and Vinyl Spice.mp3,Crackling Pine and Vinyl Spice,111.000,2025-10-15T23:49:49.770335+07:00,,0
/Users/z/Downloads/Kat_Rec/channels/kat_lofi/library/songs/Crumbs in the Morning Light.mp3,Crumbs in the Morning Light.mp3,Crumbs in the Morning Light,153.984,2025-10-15T23:51:44.146226+07:00,,0
/Users/z/Downloads/Kat_Rec/channels/kat_lofi/library/songs/Curtain Moves Like Memory.mp3,Curtain Moves Like Memory.mp3,Curtain Moves Like Memory,145.752,2025-10-15T23:32:44.240923+07:00,,0
/Users/z/Downloads/Kat_Rec/channels/kat_lofi/library/songs/Dancing with Coneflowers.mp3,Dancing with Coneflowers.mp3,Dancing with Coneflowers,141.672,2025-10-15T23:34:28.082271+07:00,,0
/Users/z/Downloads/Kat_Rec/channels/kat_lofi/library/songs/December Almond Harmony.mp3,December Almond Harmony.mp3,December Almond Harmony,125.880,2025-10-15T23:28:54.123370+07:00,,0
/Users/z/Downloads/Kat_Rec/channels/kat_lofi/library/songs/Denim.mp3,Denim.mp3,Denim,159.264,2025-10-15T23:42:33.603376+07:00,,0
/Users/z/Downloads/Kat_Rec/channels/kat_lofi/library/songs/Desert Air in the Lobby.mp3,Desert Air in the Lobby.mp3,Desert Air in the Lobby,177.960,2025-10-15T23:41:10.976467+07:00,,0
/Users/z/Downloads/Kat_Rec/channels/kat_lofi/library/songs/Desert Glow.mp3,Desert Glow.mp3,Desert Glow,255.480,2025-10-13T23:31:56.881025+07:00,,0
/Users/z/Downloads/Kat_Rec/channels/kat_lofi/library/songs/Docking Bay Ghosts at Dusk.mp3,Docking Bay Ghosts at Dusk.mp3,Docking Bay Ghosts at Dusk,182.064,2025-10-13T23:32:49.439008+07:00,,0
/Users/z/Downloads/Kat_Rec/channels/kat_lofi/library/songs/Douglas Fir Silence.mp3,Douglas Fir Silence.mp3,Douglas Fir Silence,134.832,2025-10-15T23:34:39.131791+07:00,,0
/Users/z/Downloads/Kat_Rec/channels/kat_lofi/library/songs/Dreaming Backwards in a Starlit Flow.mp3,Dreaming Backwards in a Starlit Flow.mp3,Dreaming Backwards in a Starlit Flow,192.792,2025-10-13T23:28:03.361432+07:00,,0
/Users/z/Downloads/Kat_Rec/channels/kat_lofi/library/songs/Drift Through Stars.mp3,Drift Through Stars.mp3,Drift Through Stars,115.944,2025-10-13T23:28:53.543012+07:00,,0
/Users/z/Downloads/Kat_Rec/channels/kat_lofi/library/songs/Drift9.mp3,Drift9.mp3,Drift9,107.784,2025-10-13T23:39:40.700672+07:00,,0
/Users/z/Downloads/Kat_Rec/channels/kat_lofi/library/songs/Dryer Hum and Soft Thoughts.mp3,Dryer Hum and Soft Thoughts.mp3,Dryer Hum and Soft Thoughts,138.672,2025-10-15T23:32:33.528304+07:00,,0
/Users/z/Downloads/Kat_Rec/channels/kat_lofi/library/songs/Early Milk and Melody.mp3,Early Milk and Melody.mp3,Early Milk and Melody,148.272,2025-10-15T23:32:36.218928+07:00,,0
/Users/z/Downloads/Kat_Rec/channels/kat_lofi/library/songs/Echoes Frozen Under Pale Ice.mp3,Echoes Frozen Under Pale Ice.mp3,Echoes Frozen Under Pale Ice,173.952,2025-10-13T23:36:46.910136+07:00,,0
/Users/z/Downloads/Kat_Rec/channels/kat_lofi/library/songs/Echoes in Orbit.mp3,Echoes in Orbit.mp3,Echoes in Orbit,187.512,2025-10-13T23:29:44.354676+07:00,,0
/Users/z/Downloads/Kat_Rec/channels/kat_lofi/library/songs/Echoes in the Quiet.mp3,Echoes in the Quiet.mp3,Echoes in the Quiet,198.984,2025-10-15T23:46:27.279334+07:00,,0
/Users/z/Downloads/Kat_Rec/channels/kat_lofi/library/songs/Echoes of an Empty Home.mp3,Echoes of an Empty Home.mp3,Echoes of an Empty Home,195.864,2025-10-15T23:44:19.505531+07:00,,0
/Users/z/Downloads/Kat_Rec/channels/kat_lofi/library/songs/Echoes of Light on the Edge of Space.mp3,Echoes of Light on the Edge of Space.mp3,Echoes of Light on the Edge of Space,150.984,2025-10-13T23:28:27.301513+07:00,,0
/Users/z/Downloads/Kat_Rec/channels/kat_lofi/library/songs/Echoes of Yesterday.mp3,Echoes of Yesterday.mp3,Echoes of Yesterday,141.672,2025-10-15T23:30:36.498812+07:00,,0
/Users/z/Downloads/Kat_Rec/channels/kat_lofi/library/songs/Electric Raindrops Under Sleepless Skies.mp3,Electric Raindrops Under Sleepless Skies.mp3,Electric Raindrops Under Sleepless Skies,143.760,2025-10-13T23:36:23.781212+07:00,,0
/Users/z/Downloads/Kat_Rec/channels/kat_lofi/library/songs/Espresso Dreams.mp3,Espresso Dreams.mp3,Espresso Dreams,135.720,2025-10-15T23:50:18.584153+07:00,,0
/Users/z/Downloads/Kat_Rec/channels/kat_lofi/library/songs/Espresso Loops and Elbows.mp3,Espresso Loops and Elbows.mp3,Espresso Loops and Elbows,114.672,2025-10-15T23:19:22.365138+07:00,,0
/Users/z/Downloads/Kat_Rec/channels/kat_lofi/library/songs/Espresso per Due.mp3,Espresso per Due.mp3,Espresso per Due,189.144,2025-10-15T23:50:18.798810+07:00,,0
"/Users/z/Downloads/Kat_Rec/channels/kat_lofi/library/songs/Evening Loops, No One Talking.mp3","Evening Loops, No One Talking.mp3","Evening Loops, No One Talking",118.152,2025-10-15T23:31:26.731066+07:00,,0
/Users/z/Downloads/Kat_Rec/channels/kat_lofi/library/songs/Eye Contact.mp3,Eye Contact.mp3,Eye Contact,134.832,2025-10-15T23:21:13.741216+07:00,,0
/Users/z/Downloads/Kat_Rec/channels/kat_lofi/library/songs/Eyelashes and Intervals.mp3,Eyelashes and Intervals.mp3,Eyelashes and Intervals,68.640,2025-10-15T23:27:32.232081+07:00,,0
/Users/z/Downloads/Kat_Rec/channels/kat_lofi/library/songs/Faded Café Dreams.mp3,Faded Café Dreams.mp3,Faded Café Dreams,158.784,2025-10-15T23:18:48.227101+07:00,,0
/Users/z/Downloads/Kat_Rec/channels/kat_lofi/library/songs/Faded Coffeehouse Echoes.mp3,Faded Coffeehouse Echoes.mp3,Faded Coffeehouse Echoes,179.064,2025-10-13T23:34:59.386636+07:00,,0
/Users/z/Downloads/Kat_Rec/channels/kat_lofi/library/songs/Faded Signals.mp3,Faded Signals.mp3,Faded Signals,140.184,2025-10-13T23:32:46.109005+07:00,,0
/Users/z/Downloads/Kat_Rec/channels/kat_lofi/library/songs/Fading Lights.mp3,Fading Lights.mp3,Fading Lights,143.112,2025-10-15T23:44:22.290504+07:00,,0
/Users/z/Downloads/Kat_Rec/channels/kat_lofi/library/songs/Fading Streetlights.mp3,Fading Streetlights.mp3,Fading Streetlights,213.984,2025-10-13T23:38:16.287148+07:00,,0
/Users/z/Downloads/Kat_Rec/channels/kat_lofi/library/songs/Falling Asleep Inside a Neon Storm.mp3,Falling Asleep Inside a Neon Storm.mp3,Falling Asleep Inside a Neon Storm,107.832,2025-10-13T23:29:19.575206+07:00,,0
/Users/z/Downloads/Kat_Rec/channels/kat_lofi/library/songs/Falling Like Leaves.mp3,Falling Like Leaves.mp3,Falling Like Leaves,139.272,2025-10-15T23:40:51.369058+07:00,,0
/Users/z/Downloads/Kat_Rec/channels/kat_lofi/library/songs/Falling Sideways Into a Spiral Galaxy.mp3,Falling Sideways Into a Spiral Galaxy.mp3,Falling Sideways Into a Spiral Galaxy,190.464,2025-10-13T23:30:41.713367+07:00,,0
/Users/z/Downloads/Kat_Rec/channels/kat_lofi/library/songs/First Light on Quiet Peaks.mp3,First Light on Quiet Peaks.mp3,First Light on Quiet Peaks,171.480,2025-10-13T23:32:08.791257+07:00,,0
/Users/z/Downloads/Kat_Rec/channels/kat_lofi/library/songs/Firwood and Firelight.mp3,Firwood and Firelight.mp3,Firwood and Firelight,107.304,2025-10-15T23:34:36.047684+07:00,,0
/Users/z/Downloads/Kat_Rec/channels/kat_lofi/library/songs/Fishtown and Frequencies.mp3,Fishtown and Frequencies.mp3,Fishtown and Frequencies,159.984,2025-10-15T23:42:15.524669+07:00,,0
/Users/z/Downloads/Kat_Rec/channels/kat_lofi/library/songs/Floating Frame on a White Wall.mp3,Floating Frame on a White Wall.mp3,Floating Frame on a White Wall,162.480,2025-10-15T23:46:09.085939+07:00,,0
/Users/z/Downloads/Kat_Rec/channels/kat_lofi/library/songs/Floating in the Breeze.mp3,Floating in the Breeze.mp3,Floating in the Breeze,150.000,2025-10-15T23:46:07.161162+07:00,,0
/Users/z/Downloads/Kat_Rec/channels/kat_lofi/library/songs/Fluorescent Fadeout.mp3,Fluorescent Fadeout.mp3,Fluorescent Fadeout,148.872,2025-10-15T23:41:08.487416+07:00,,0
/Users/z/Downloads/Kat_Rec/channels/kat_lofi/library/songs/Fluorescent Flakes in the Alley.mp3,Fluorescent Flakes in the Alley.mp3,Fluorescent Flakes in the Alley,121.920,2025-10-15T23:54:15.734887+07:00,,0
/Users/z/Downloads/Kat_Rec/channels/kat_lofi/library/songs/FM and Feline Frequency.mp3,FM and Feline Frequency.mp3,FM and Feline Frequency,169.872,2025-10-15T23:52:06.165074+07:00,,0
"/Users/z/Downloads/Kat_Rec/channels/kat_lofi/library/songs/Folded Fabric, Slow Breaths.mp3","Folded Fabric, Slow Breaths.mp3","Folded Fabric, Slow Breaths",119.712,2025-10-15T23:31:09.594301+07:00,,0
/Users/z/Downloads/Kat_Rec/channels/kat_lofi/library/songs/Footprints Disappearing.mp3,Footprints Disappearing.mp3,Footprints Disappearing,169.992,2025-10-15T23:53:50.766391+07:00,,0
/Users/z/Downloads/Kat_Rec/channels/kat_lofi/library/songs/French Press and Solitude.mp3,French Press and Solitude.mp3,French Press and Solitude,124.992,2025-10-15T23:19:16.237763+07:00,,0
/Users/z/Downloads/Kat_Rec/channels/kat_lofi/library/songs/Frosted Memories.mp3,Frosted Memories.mp3,Frosted Memories,127.200,2025-10-15T23:45:49.918158+07:00,,0
/Users/z/Downloads/Kat_Rec/channels/kat_lofi/library/songs/Frozen Chords.mp3,Frozen Chords.mp3,Frozen Chords,196.680,2025-10-15T23:41:49.809695+07:00,,0
/Users/z/Downloads/Kat_Rec/channels/kat_lofi/library/songs/Frozen Starports and Whispering Snowfields.mp3,Frozen Starports and Whispering Snowfields.mp3,Frozen Starports and Whispering Snowfields,241.224,2025-10-13T23:39:03.768333+07:00,,0
/Users/z/Downloads/Kat_Rec/channels/kat_lofi/library/songs/Fur Between the Pages.mp3,Fur Between the Pages.mp3,Fur Between the Pages,146.184,2025-10-15T23:51:51.648127+07:00,,0
/Users/z/Downloads/Kat_Rec/channels/kat_lofi/library/songs/Futuristic Bloom I_ Tomorrow’s Dawn.mp3,Futuristic Bloom I_ Tomorrow’s Dawn.mp3,Futuristic Bloom I  Tomorrow’s Dawn,480.000,2025-10-13T23:38:10.646808+07:00,,0
/Users/z/Downloads/Kat_Rec/channels/kat_lofi/library/songs/Futuristic Bloom III_ Lunar Garden.mp3,Futuristic Bloom III_ Lunar Garden.mp3,Futuristic Bloom III  Lunar Garden,303.360,2025-10-13T23:38:05.532733+07:00,,0
/Users/z/Downloads/Kat_Rec/channels/kat_lofi/library/songs/Galactic Dreams Beneath Velvet Twilight.mp3,Galactic Dreams Beneath Velvet Twilight.mp3,Galactic Dreams Beneath Velvet Twilight,187.080,2025-10-13T23:40:33.482642+07:00,,0
/Users/z/Downloads/Kat_Rec/channels/kat_lofi/library/songs/Galactic Echoes of Forgotten Dreams.mp3,Galactic Echoes of Forgotten Dreams.mp3,Galactic Echoes of Forgotten Dreams,295.440,2025-10-13T23:37:45.365457+07:00,,0
/Users/z/Downloads/Kat_Rec/channels/kat_lofi/library/songs/Galactic Whispers Through Infinite Twilight.mp3,Galactic Whispers Through Infinite Twilight.mp3,Galactic Whispers Through Infinite Twilight,210.024,2025-10-13T23:37:30.034629+07:00,,0
/Users/z/Downloads/Kat_Rec/channels/kat_lofi/library/songs/Galaxies Whisper.mp3,Galaxies Whisper.mp3,Galaxies Whisper,232.344,2025-10-13T23:38:55.017087+07:00,,0
/Users/z/Downloads/Kat_Rec/channels/kat_lofi/library/songs/Garden District.mp3,Garden District.mp3,Garden District,126.600,2025-10-15T23:41:35.732740+07:00,,0
/Users/z/Downloads/Kat_Rec/channels/kat_lofi/library/songs/Gingerbread Echoes in the Crowd.mp3,Gingerbread Echoes in the Crowd.mp3,Gingerbread Echoes in the Crowd,104.472,2025-10-15T23:29:27.465304+07:00,,0
/Users/z/Downloads/Kat_Rec/channels/kat_lofi/library/songs/Glass Petals Under Synthetic Suns.mp3,Glass Petals Under Synthetic Suns.mp3,Glass Petals Under Synthetic Suns,207.624,2025-10-13T23:32:55.808926+07:00,,0
/Users/z/Downloads/Kat_Rec/channels/kat_lofi/library/songs/Glitch Pulse on Midnight Avenues.mp3,Glitch Pulse on Midnight Avenues.mp3,Glitch Pulse on Midnight Avenues,202.632,2025-10-13T23:33:47.266212+07:00,,0
/Users/z/Downloads/Kat_Rec/channels/kat_lofi/library/songs/Glove Box Confession.mp3,Glove Box Confession.mp3,Glove Box Confession,165.000,2025-10-15T23:21:20.347561+07:00,,0
/Users/z/Downloads/Kat_Rec/channels/kat_lofi/library/songs/Golden Cat.mp3,Golden Cat.mp3,Golden Cat,112.752,2025-10-15T23:51:56.125160+07:00,,0
/Users/z/Downloads/Kat_Rec/channels/kat_lofi/library/songs/Golden Sax in a Quiet Room.mp3,Golden Sax in a Quiet Room.mp3,Golden Sax in a Quiet Room,234.840,2025-10-13T23:39:29.139675+07:00,,0
/Users/z/Downloads/Kat_Rec/channels/kat_lofi/library/songs/Golden Skyline Serenade.mp3,Golden Skyline Serenade.mp3,Golden Skyline Serenade,113.400,2025-10-13T23:34:30.758233+07:00,,0
/Users/z/Downloads/Kat_Rec/channels/kat_lofi/library/songs/Goldenrod on the Backroad.mp3,Goldenrod on the Backroad.mp3,Goldenrod on the Backroad,111.024,2025-10-15T23:33:29.913494+07:00,,0
/Users/z/Downloads/Kat_Rec/channels/kat_lofi/library/songs/Graph Paper and Cinnamon.mp3,Graph Paper and Cinnamon.mp3,Graph Paper and Cinnamon,121.584,2025-10-15T23:31:15.935776+07:00,,0
/Users/z/Downloads/Kat_Rec/channels/kat_lofi/library/songs/Gravity Mirage.mp3,Gravity Mirage.mp3,Gravity Mirage,181.512,2025-10-13T23:30:53.037281+07:00,,0
/Users/z/Downloads/Kat_Rec/channels/kat_lofi/library/songs/Green Shadows in 4_4 Time.mp3,Green Shadows in 4_4 Time.mp3,Green Shadows in 4 4 Time,173.280,2025-10-15T23:33:07.658224+07:00,,0
/Users/z/Downloads/Kat_Rec/channels/kat_lofi/library/songs/Harvard Love Theory.mp3,Harvard Love Theory.mp3,Harvard Love Theory,153.432,2025-10-15T23:43:57.977186+07:00,,0
/Users/z/Downloads/Kat_Rec/channels/kat_lofi/library/songs/Hearthlight Echoes in Snowbound Evenings.mp3,Hearthlight Echoes in Snowbound Evenings.mp3,Hearthlight Echoes in Snowbound Evenings,153.240,2025-10-13T23:32:43.810237+07:00,,0
/Users/z/Downloads/Kat_Rec/channels/kat_lofi/library/songs/Heatwave Dreams.mp3,Heatwave Dreams.mp3,Heatwave Dreams,164.760,2025-10-15T23:28:14.297347+07:00,,0
/Users/z/Downloads/Kat_Rec/channels/kat_lofi/library/songs/Holiday Routes.mp3,Holiday Routes.mp3,Holiday Routes,145.680,2025-10-15T23:44:06.829993+07:00,,0
/Users/z/Downloads/Kat_Rec/channels/kat_lofi/library/songs/Horizon Air and Whispered Peaks.mp3,Horizon Air and Whispered Peaks.mp3,Horizon Air and Whispered Peaks,183.792,2025-10-13T23:33:29.341251+07:00,,0
/Users/z/Downloads/Kat_Rec/channels/kat_lofi/library/songs/Horizon Steps Through Silver Mist.mp3,Horizon Steps Through Silver Mist.mp3,Horizon Steps Through Silver Mist,319.824,2025-10-13T23:32:05.855185+07:00,,0
/Users/z/Downloads/Kat_Rec/channels/kat_lofi/library/songs/Hypercolor Aisles Beneath the Mall Lights.mp3,Hypercolor Aisles Beneath the Mall Lights.mp3,Hypercolor Aisles Beneath the Mall Lights,265.152,2025-10-13T23:35:53.087873+07:00,,0
/Users/z/Downloads/Kat_Rec/channels/kat_lofi/library/songs/Hypercolor Dreams in an Empty Mall.mp3,Hypercolor Dreams in an Empty Mall.mp3,Hypercolor Dreams in an Empty Mall,205.584,2025-10-13T23:34:13.378173+07:00,,0
/Users/z/Downloads/Kat_Rec/channels/kat_lofi/library/songs/I Pretended Not to Notice.mp3,I Pretended Not to Notice.mp3,I Pretended Not to Notice,172.080,2025-10-15T23:48:45.419762+07:00,,0
/Users/z/Downloads/Kat_Rec/channels/kat_lofi/library/songs/I Remember the Scent of Pine.mp3,I Remember the Scent of Pine.mp3,I Remember the Scent of Pine,106.560,2025-10-15T23:46:04.508656+07:00,,0
/Users/z/Downloads/Kat_Rec/channels/kat_lofi/library/songs/In Sync Without Looking.mp3,In Sync Without Looking.mp3,In Sync Without Looking,139.032,2025-10-15T23:21:47.661464+07:00,,0
/Users/z/Downloads/Kat_Rec/channels/kat_lofi/library/songs/Infinite Drift Beneath Quiet Constellations.mp3,Infinite Drift Beneath Quiet Constellations.mp3,Infinite Drift Beneath Quiet Constellations,153.024,2025-10-13T23:40:41.022347+07:00,,0
/Users/z/Downloads/Kat_Rec/channels/kat_lofi/library/songs/Jazz Echoes Through the Frost.mp3,Jazz Echoes Through the Frost.mp3,Jazz Echoes Through the Frost,139.992,2025-10-15T23:53:22.051067+07:00,,0
/Users/z/Downloads/Kat_Rec/channels/kat_lofi/library/songs/Kickflip and Eye Contact.mp3,Kickflip and Eye Contact.mp3,Kickflip and Eye Contact,136.752,2025-10-15T23:48:55.769163+07:00,,0
/Users/z/Downloads/Kat_Rec/channels/kat_lofi/library/songs/King of the Couch.mp3,King of the Couch.mp3,King of the Couch,127.344,2025-10-15T23:52:34.090848+07:00,,0
/Users/z/Downloads/Kat_Rec/channels/kat_lofi/library/songs/Knitted Patterns in 4_4 Time.mp3,Knitted Patterns in 4_4 Time.mp3,Knitted Patterns in 4 4 Time,126.264,2025-10-15T23:54:08.057551+07:00,,0
/Users/z/Downloads/Kat_Rec/channels/kat_lofi/library/songs/Late Latté.mp3,Late Latté.mp3,Late Latté,109.920,2025-10-15T23:29:36.244824+07:00,,0
/Users/z/Downloads/Kat_Rec/channels/kat_lofi/library/songs/Late Laundry Blues.mp3,Late Laundry Blues.mp3,Late Laundry Blues,121.560,2025-10-15T23:50:13.100927+07:00,,0
/Users/z/Downloads/Kat_Rec/channels/kat_lofi/library/songs/Late Night Lantern Light Over Silent Notes.mp3,Late Night Lantern Light Over Silent Notes.mp3,Late Night Lantern Light Over Silent Notes,219.360,2025-10-13T23:34:06.583116+07:00,,0
/Users/z/Downloads/Kat_Rec/channels/kat_lofi/library/songs/Late Orders.mp3,Late Orders.mp3,Late Orders,120.000,2025-10-15T23:18:39.268813+07:00,,0
/Users/z/Downloads/Kat_Rec/channels/kat_lofi/library/songs/Lavender Drum Machine.mp3,Lavender Drum Machine.mp3,Lavender Drum Machine,134.160,2025-10-15T23:50:10.301472+07:00,,0
/Users/z/Downloads/Kat_Rec/channels/kat_lofi/library/songs/Lazy Tide 15#_ Sunlit Shores and Seagull Echoes.mp3,Lazy Tide 15#_ Sunlit Shores and Seagull Echoes.mp3,Lazy Tide 15#  Sunlit Shores and Seagull Echoes,192.024,2025-10-13T23:34:00.134864+07:00,,0
/Users/z/Downloads/Kat_Rec/channels/kat_lofi/library/songs/Lean In Closer.mp3,Lean In Closer.mp3,Lean In Closer,96.720,2025-10-15T23:28:29.673067+07:00,,0
/Users/z/Downloads/Kat_Rec/channels/kat_lofi/library/songs/Left Turn on Sunset Blvd.mp3,Left Turn on Sunset Blvd.mp3,Left Turn on Sunset Blvd,115.752,2025-10-15T23:42:55.304708+07:00,,0
/Users/z/Downloads/Kat_Rec/channels/kat_lofi/library/songs/Letters Under the Maple Tree.mp3,Letters Under the Maple Tree.mp3,Letters Under the Maple Tree,149.400,2025-10-15T23:35:00.022622+07:00,,0
/Users/z/Downloads/Kat_Rec/channels/kat_lofi/library/songs/Light in Loose Pages.mp3,Light in Loose Pages.mp3,Light in Loose Pages,206.520,2025-10-15T23:48:29.932822+07:00,,0
/Users/z/Downloads/Kat_Rec/channels/kat_lofi/library/songs/Lo-Fi at 84 Degrees Fahrenheit.mp3,Lo-Fi at 84 Degrees Fahrenheit.mp3,Lo Fi at 84 Degrees Fahrenheit,135.792,2025-10-15T23:18:57.421509+07:00,,0
/Users/z/Downloads/Kat_Rec/channels/kat_lofi/library/songs/Lo-Fi Before the First Snow.mp3,Lo-Fi Before the First Snow.mp3,Lo Fi Before the First Snow,157.800,2025-10-15T23:30:01.640362+07:00,,0
/Users/z/Downloads/Kat_Rec/channels/kat_lofi/library/songs/Lo-Fi Hertz Under the Redwoods.mp3,Lo-Fi Hertz Under the Redwoods.mp3,Lo Fi Hertz Under the Redwoods,125.832,2025-10-15T23:34:18.203960+07:00,,0
/Users/z/Downloads/Kat_Rec/channels/kat_lofi/library/songs/Longer Shadows.mp3,Longer Shadows.mp3,Longer Shadows,101.664,2025-10-15T23:18:42.116603+07:00,,0
/Users/z/Downloads/Kat_Rec/channels/kat_lofi/library/songs/Loop Me Into the Light.mp3,Loop Me Into the Light.mp3,Loop Me Into the Light,61.344,2025-10-15T23:31:36.189211+07:00,,0
/Users/z/Downloads/Kat_Rec/channels/kat_lofi/library/songs/Looped in the Honky Tonk.mp3,Looped in the Honky Tonk.mp3,Looped in the Honky Tonk,151.872,2025-10-15T23:42:05.689880+07:00,,0
/Users/z/Downloads/Kat_Rec/channels/kat_lofi/library/songs/Looping the Song You Loved.mp3,Looping the Song You Loved.mp3,Looping the Song You Loved,202.080,2025-10-15T23:44:43.494805+07:00,,0
/Users/z/Downloads/Kat_Rec/channels/kat_lofi/library/songs/Loops and Silk Threads.mp3,Loops and Silk Threads.mp3,Loops and Silk Threads,114.984,2025-10-15T23:33:56.484390+07:00,,0
/Users/z/Downloads/Kat_Rec/channels/kat_lofi/library/songs/Loops with a Whipped Cream Peak.mp3,Loops with a Whipped Cream Peak.mp3,Loops with a Whipped Cream Peak,134.904,2025-10-15T23:29:07.131921+07:00,,0
/Users/z/Downloads/Kat_Rec/channels/kat_lofi/library/songs/Lost and Found Frequencies.mp3,Lost and Found Frequencies.mp3,Lost and Found Frequencies,138.144,2025-10-15T23:49:14.772826+07:00,,0
/Users/z/Downloads/Kat_Rec/channels/kat_lofi/library/songs/Lost in the Gravity of Distant Dreams.mp3,Lost in the Gravity of Distant Dreams.mp3,Lost in the Gravity of Distant Dreams,129.624,2025-10-13T23:28:23.502566+07:00,,0
/Users/z/Downloads/Kat_Rec/channels/kat_lofi/library/songs/Lupine Fields Forever.mp3,Lupine Fields Forever.mp3,Lupine Fields Forever,137.640,2025-10-15T23:34:11.676182+07:00,,0
/Users/z/Downloads/Kat_Rec/channels/kat_lofi/library/songs/Maple Leaves on the Common.mp3,Maple Leaves on the Common.mp3,Maple Leaves on the Common,174.840,2025-10-15T23:44:01.023007+07:00,,0
/Users/z/Downloads/Kat_Rec/channels/kat_lofi/library/songs/Marzipan Wrapped in Ribbon.mp3,Marzipan Wrapped in Ribbon.mp3,Marzipan Wrapped in Ribbon,118.152,2025-10-15T23:28:55.118524+07:00,,0
/Users/z/Downloads/Kat_Rec/channels/kat_lofi/library/songs/Melted Morning.mp3,Melted Morning.mp3,Melted Morning,159.984,2025-10-15T23:29:39.090367+07:00,,0
/Users/z/Downloads/Kat_Rec/channels/kat_lofi/library/songs/Metaverse Drift Beneath Infinite Constellations.mp3,Metaverse Drift Beneath Infinite Constellations.mp3,Metaverse Drift Beneath Infinite Constellations,156.024,2025-10-13T23:40:44.330463+07:00,,0
/Users/z/Downloads/Kat_Rec/channels/kat_lofi/library/songs/Midnight Bloom Beneath Lunar Shadows.mp3,Midnight Bloom Beneath Lunar Shadows.mp3,Midnight Bloom Beneath Lunar Shadows,331.344,2025-10-13T23:39:11.094742+07:00,,0
/Users/z/Downloads/Kat_Rec/channels/kat_lofi/library/songs/Midnight Drizzle on Silent Streets.mp3,Midnight Drizzle on Silent Streets.mp3,Midnight Drizzle on Silent Streets,99.672,2025-10-15T23:54:17.641285+07:00,,0
/Users/z/Downloads/Kat_Rec/channels/kat_lofi/library/songs/Midnight Flora Beneath Lunar Canopies.mp3,Midnight Flora Beneath Lunar Canopies.mp3,Midnight Flora Beneath Lunar Canopies,143.472,2025-10-13T23:38:01.942086+07:00,,0
/Users/z/Downloads/Kat_Rec/channels/kat_lofi/library/songs/Midnight Milk .mp3,Midnight Milk .mp3,Midnight Milk,125.640,2025-10-15T23:31:03.637553+07:00,,0
/Users/z/Downloads/Kat_Rec/channels/kat_lofi/library/songs/Midnight Murmurs.mp3,Midnight Murmurs.mp3,Midnight Murmurs,172.992,2025-10-13T23:31:45.041052+07:00,,0
/Users/z/Downloads/Kat_Rec/channels/kat_lofi/library/songs/Midnight Platform Memory.mp3,Midnight Platform Memory.mp3,Midnight Platform Memory,169.080,2025-10-15T23:48:36.494911+07:00,,0
/Users/z/Downloads/Kat_Rec/channels/kat_lofi/library/songs/Midnight Reflections on Wet Concrete.mp3,Midnight Reflections on Wet Concrete.mp3,Midnight Reflections on Wet Concrete,168.024,2025-10-13T23:36:17.983489+07:00,,0
/Users/z/Downloads/Kat_Rec/channels/kat_lofi/library/songs/Midnight Turns Electric Beyond the Moon.mp3,Midnight Turns Electric Beyond the Moon.mp3,Midnight Turns Electric Beyond the Moon,147.024,2025-10-13T23:31:48.647027+07:00,,0
/Users/z/Downloads/Kat_Rec/channels/kat_lofi/library/songs/Midnight Vapor Trails Through Electric Rain.mp3,Midnight Vapor Trails Through Electric Rain.mp3,Midnight Vapor Trails Through Electric Rain,156.024,2025-10-13T23:35:48.048006+07:00,,0
/Users/z/Downloads/Kat_Rec/channels/kat_lofi/library/songs/Milk Swirls and Blurred Focus.mp3,Milk Swirls and Blurred Focus.mp3,Milk Swirls and Blurred Focus,120.672,2025-10-15T23:19:10.052827+07:00,,0
/Users/z/Downloads/Kat_Rec/channels/kat_lofi/library/songs/Mint Breezes and Bare Walls.mp3,Mint Breezes and Bare Walls.mp3,Mint Breezes and Bare Walls,141.024,2025-10-15T23:48:32.824906+07:00,,0
/Users/z/Downloads/Kat_Rec/channels/kat_lofi/library/songs/Mirage Trails Across Distant Dunes.mp3,Mirage Trails Across Distant Dunes.mp3,Mirage Trails Across Distant Dunes,183.552,2025-10-13T23:36:38.495652+07:00,,0
/Users/z/Downloads/Kat_Rec/channels/kat_lofi/library/songs/Monarchs in the Milkweed.mp3,Monarchs in the Milkweed.mp3,Monarchs in the Milkweed,141.864,2025-10-15T23:33:53.212705+07:00,,0
/Users/z/Downloads/Kat_Rec/channels/kat_lofi/library/songs/Moonlit Drift.mp3,Moonlit Drift.mp3,Moonlit Drift,129.984,2025-10-13T23:31:17.661413+07:00,,0
/Users/z/Downloads/Kat_Rec/channels/kat_lofi/library/songs/Moonlit Dunes.mp3,Moonlit Dunes.mp3,Moonlit Dunes,222.984,2025-10-13T23:32:00.535610+07:00,,0
/Users/z/Downloads/Kat_Rec/channels/kat_lofi/library/songs/Moonlit Echoes Across Silent Skies.mp3,Moonlit Echoes Across Silent Skies.mp3,Moonlit Echoes Across Silent Skies,267.192,2025-10-13T23:37:33.238169+07:00,,0
/Users/z/Downloads/Kat_Rec/channels/kat_lofi/library/songs/Moonlit Frequencies Across Distant Skies.mp3,Moonlit Frequencies Across Distant Skies.mp3,Moonlit Frequencies Across Distant Skies,123.672,2025-10-13T23:40:23.483076+07:00,,0
/Users/z/Downloads/Kat_Rec/channels/kat_lofi/library/songs/Morning Dew.mp3,Morning Dew.mp3,Morning Dew,107.904,2025-10-15T23:49:56.387311+07:00,,0
/Users/z/Downloads/Kat_Rec/channels/kat_lofi/library/songs/Mornings Smelled Like This.mp3,Mornings Smelled Like This.mp3,Mornings Smelled Like This,162.984,2025-10-15T23:29:30.773782+07:00,,0
/Users/z/Downloads/Kat_Rec/channels/kat_lofi/library/songs/Motor City Vinyl.mp3,Motor City Vinyl.mp3,Motor City Vinyl,199.824,2025-10-15T23:41:41.598943+07:00,,0
/Users/z/Downloads/Kat_Rec/channels/kat_lofi/library/songs/Muted Mornings in PDX.mp3,Muted Mornings in PDX.mp3,Muted Mornings in PDX,172.032,2025-10-15T23:43:09.687043+07:00,,0
/Users/z/Downloads/Kat_Rec/channels/kat_lofi/library/songs/Nap Nap Nap.mp3,Nap Nap Nap.mp3,Nap Nap Nap,133.392,2025-10-15T23:52:18.072256+07:00,,0
/Users/z/Downloads/Kat_Rec/channels/kat_lofi/library/songs/Nebula Lullabies Beneath Distant Suns.mp3,Nebula Lullabies Beneath Distant Suns.mp3,Nebula Lullabies Beneath Distant Suns,145.632,2025-10-13T23:37:48.193941+07:00,,0
/Users/z/Downloads/Kat_Rec/channels/kat_lofi/library/songs/Nebula Lullaby for Wandering Ships.mp3,Nebula Lullaby for Wandering Ships.mp3,Nebula Lullaby for Wandering Ships,135.000,2025-10-13T23:34:39.448125+07:00,,0
/Users/z/Downloads/Kat_Rec/channels/kat_lofi/library/songs/Nebula Pulse 88.mp3,Nebula Pulse 88.mp3,Nebula Pulse 88,325.992,2025-10-13T23:39:47.810119+07:00,,0
/Users/z/Downloads/Kat_Rec/assets/sfx/Needle_Start.mp3,Needle_Start.mp3,Needle Start,7.180,2025-10-14T01:43:14.070424+07:00,,0
/Users/z/Downloads/Kat_Rec/channels/kat_lofi/library/songs/Neon Dreams Melt Through Midnight Streets.mp3,Neon Dreams Melt Through Midnight Streets.mp3,Neon Dreams Melt Through Midnight Streets,127.224,2025-10-13T23:28:13.261752+07:00,,0
/Users/z/Downloads/Kat_Rec/channels/kat_lofi/library/songs/Neon Drift Through Pixel Seas.mp3,Neon Drift Through Pixel Seas.mp3,Neon Drift Through Pixel Seas,117.552,2025-10-13T23:34:16.308356+07:00,,0
/Users/z/Downloads/Kat_Rec/channels/kat_lofi/library/songs/Neon Drip.mp3,Neon Drip.mp3,Neon Drip,133.440,2025-10-13T23:28:09.324029+07:00,,0
/Users/z/Downloads/Kat_Rec/channels/kat_lofi/library/songs/Neon Gravity.mp3,Neon Gravity.mp3,Neon Gravity,202.560,2025-10-13T23:30:45.836515+07:00,,0
/Users/z/Downloads/Kat_Rec/channels/kat_lofi/library/songs/Neon in Echo Park.mp3,Neon in Echo Park.mp3,Neon in Echo Park,112.344,2025-10-15T23:42:59.408928+07:00,,0
/Users/z/Downloads/Kat_Rec/channels/kat_lofi/library/songs/Neon Realities Beyond the Digital Horizon.mp3,Neon Realities Beyond the Digital Horizon.mp3,Neon Realities Beyond the Digital Horizon,304.032,2025-10-13T23:38:58.251591+07:00,,0
/Users/z/Downloads/Kat_Rec/channels/kat_lofi/library/songs/Neon Showers Over Empty Crosswalks.mp3,Neon Showers Over Empty Crosswalks.mp3,Neon Showers Over Empty Crosswalks,175.032,2025-10-13T23:32:28.510121+07:00,,0
/Users/z/Downloads/Kat_Rec/channels/kat_lofi/library/songs/Neon Snowfall.mp3,Neon Snowfall.mp3,Neon Snowfall,95.472,2025-10-15T23:54:12.507015+07:00,,0
/Users/z/Downloads/Kat_Rec/channels/kat_lofi/library/songs/Night Surf.mp3,Night Surf.mp3,Night Surf,135.504,2025-10-13T23:35:36.138100+07:00,,0
/Users/z/Downloads/Kat_Rec/channels/kat_lofi/library/songs/No Alarms Today.mp3,No Alarms Today.mp3,No Alarms Today,111.144,2025-10-15T23:53:43.101937+07:00,,0
"/Users/z/Downloads/Kat_Rec/channels/kat_lofi/library/songs/No Cream, Just Cloud Thoughts.mp3","No Cream, Just Cloud Thoughts.mp3","No Cream, Just Cloud Thoughts",154.944,2025-10-15T23:19:04.075126+07:00,,0
/Users/z/Downloads/Kat_Rec/channels/kat_lofi/library/songs/No Plans After This Track.mp3,No Plans After This Track.mp3,No Plans After This Track,199.320,2025-10-15T23:46:30.347352+07:00,,0
/Users/z/Downloads/Kat_Rec/channels/kat_lofi/library/songs/No Static in This Memory.mp3,No Static in This Memory.mp3,No Static in This Memory,128.592,2025-10-15T23:30:47.690816+07:00,,0
"/Users/z/Downloads/Kat_Rec/channels/kat_lofi/library/songs/No Sugar, Just Stillness.mp3","No Sugar, Just Stillness.mp3","No Sugar, Just Stillness",124.800,2025-10-15T23:18:16.908906+07:00,,0
/Users/z/Downloads/Kat_Rec/channels/kat_lofi/library/songs/North.mp3,North.mp3,North,207.960,2025-10-13T23:39:58.732464+07:00,,0
/Users/z/Downloads/Kat_Rec/channels/kat_lofi/library/songs/Ocean Breeze Dreams.mp3,Ocean Breeze Dreams.mp3,Ocean Breeze Dreams,152.304,2025-10-15T23:46:45.839417+07:00,,0
/Users/z/Downloads/Kat_Rec/channels/kat_lofi/library/songs/One Earbud Between Us.mp3,One Earbud Between Us.mp3,One Earbud Between Us,118.584,2025-10-15T23:49:31.653320+07:00,,0
/Users/z/Downloads/Kat_Rec/channels/kat_lofi/library/songs/One Light Source.mp3,One Light Source.mp3,One Light Source,120.384,2025-10-15T23:27:39.015360+07:00,,0
/Users/z/Downloads/Kat_Rec/channels/kat_lofi/library/songs/One Stocking Less This Year.mp3,One Stocking Less This Year.mp3,One Stocking Less This Year,149.832,2025-10-15T23:44:46.562074+07:00,,0
/Users/z/Downloads/Kat_Rec/channels/kat_lofi/library/songs/Orbital Drift_ Aurora Streams Across Endless Void.mp3,Orbital Drift_ Aurora Streams Across Endless Void.mp3,Orbital Drift  Aurora Streams Across Endless Void,180.000,2025-10-13T23:37:56.410820+07:00,,0
/Users/z/Downloads/Kat_Rec/channels/kat_lofi/library/songs/Orbital Echoes Through Endless Horizons.mp3,Orbital Echoes Through Endless Horizons.mp3,Orbital Echoes Through Endless Horizons,258.120,2025-10-13T23:38:32.290446+07:00,,0
/Users/z/Downloads/Kat_Rec/channels/kat_lofi/library/songs/Orbiting Memories in an Endless Sky.mp3,Orbiting Memories in an Endless Sky.mp3,Orbiting Memories in an Endless Sky,164.712,2025-10-13T23:31:21.233831+07:00,,0
/Users/z/Downloads/Kat_Rec/channels/kat_lofi/library/songs/Pages Turning in Midnight Quiet.mp3,Pages Turning in Midnight Quiet.mp3,Pages Turning in Midnight Quiet,203.352,2025-10-13T23:34:10.037173+07:00,,0
/Users/z/Downloads/Kat_Rec/channels/kat_lofi/library/songs/Paper Hearts.mp3,Paper Hearts.mp3,Paper Hearts,132.360,2025-10-15T23:49:01.233767+07:00,,0
/Users/z/Downloads/Kat_Rec/channels/kat_lofi/library/songs/Paper Planes.mp3,Paper Planes.mp3,Paper Planes,134.424,2025-10-15T23:48:16.013258+07:00,,0
/Users/z/Downloads/Kat_Rec/channels/kat_lofi/library/songs/Paper Trails.mp3,Paper Trails.mp3,Paper Trails,144.912,2025-10-15T23:33:13.270745+07:00,,0
/Users/z/Downloads/Kat_Rec/channels/kat_lofi/library/songs/Passing Umbrella.mp3,Passing Umbrella.mp3,Passing Umbrella,136.752,2025-10-15T23:19:40.844610+07:00,,0
/Users/z/Downloads/Kat_Rec/channels/kat_lofi/library/songs/Pastel Clouds.mp3,Pastel Clouds.mp3,Pastel Clouds,169.560,2025-10-15T23:49:06.215425+07:00,,0
/Users/z/Downloads/Kat_Rec/channels/kat_lofi/library/songs/Paws on the Philosophy Shelf.mp3,Paws on the Philosophy Shelf.mp3,Paws on the Philosophy Shelf,164.832,2025-10-15T23:55:08.004624+07:00,,0
/Users/z/Downloads/Kat_Rec/channels/kat_lofi/library/songs/Peach Soda and Glances.mp3,Peach Soda and Glances.mp3,Peach Soda and Glances,131.664,2025-10-15T23:49:47.470587+07:00,,0
/Users/z/Downloads/Kat_Rec/channels/kat_lofi/library/songs/Peel and Phrasing.mp3,Peel and Phrasing.mp3,Peel and Phrasing,111.360,2025-10-15T23:51:37.208145+07:00,,0
/Users/z/Downloads/Kat_Rec/channels/kat_lofi/library/songs/Perfume and Static.mp3,Perfume and Static.mp3,Perfume and Static,117.312,2025-10-15T23:49:17.003744+07:00,,0
/Users/z/Downloads/Kat_Rec/channels/kat_lofi/library/songs/Petals in the Chorus.mp3,Petals in the Chorus.mp3,Petals in the Chorus,157.152,2025-10-15T23:40:46.045022+07:00,,0
/Users/z/Downloads/Kat_Rec/channels/kat_lofi/library/songs/Petrichord Progression.mp3,Petrichord Progression.mp3,Petrichord Progression,152.904,2025-10-15T23:50:30.535537+07:00,,0
/Users/z/Downloads/Kat_Rec/channels/kat_lofi/library/songs/Phantoms.mp3,Phantoms.mp3,Phantoms,234.624,2025-10-13T23:39:15.782554+07:00,,0
"/Users/z/Downloads/Kat_Rec/channels/kat_lofi/library/songs/Photo #17, Untitled.mp3","Photo #17, Untitled.mp3","Photo #17, Untitled",131.184,2025-10-15T23:32:17.237218+07:00,,0
/Users/z/Downloads/Kat_Rec/channels/kat_lofi/library/songs/Pines.mp3,Pines.mp3,Pines,139.824,2025-10-15T23:42:36.398003+07:00,,0
/Users/z/Downloads/Kat_Rec/channels/kat_lofi/library/songs/Pixel Bazaar.mp3,Pixel Bazaar.mp3,Pixel Bazaar,125.112,2025-10-13T23:32:17.374887+07:00,,0
/Users/z/Downloads/Kat_Rec/channels/kat_lofi/library/songs/Planetary Whispers Under Endless Skies.mp3,Planetary Whispers Under Endless Skies.mp3,Planetary Whispers Under Endless Skies,345.000,2025-10-13T23:40:06.208901+07:00,,0
/Users/z/Downloads/Kat_Rec/channels/kat_lofi/library/songs/Popcorn and Shared Timing.mp3,Popcorn and Shared Timing.mp3,Popcorn and Shared Timing,101.784,2025-10-15T23:21:43.905901+07:00,,0
/Users/z/Downloads/Kat_Rec/channels/kat_lofi/library/songs/Porchlight Progression.mp3,Porchlight Progression.mp3,Porchlight Progression,120.144,2025-10-15T23:42:26.246451+07:00,,0
/Users/z/Downloads/Kat_Rec/channels/kat_lofi/library/songs/Postcards in the Snow.mp3,Postcards in the Snow.mp3,Postcards in the Snow,127.872,2025-10-15T23:45:59.374426+07:00,,0
"/Users/z/Downloads/Kat_Rec/channels/kat_lofi/library/songs/Pour, Pause, Pretend Not to Look.mp3","Pour, Pause, Pretend Not to Look.mp3","Pour, Pause, Pretend Not to Look",133.200,2025-10-15T23:19:13.001128+07:00,,0
/Users/z/Downloads/Kat_Rec/channels/kat_lofi/library/songs/Prairie Coneflower Waltz.mp3,Prairie Coneflower Waltz.mp3,Prairie Coneflower Waltz,144.984,2025-10-15T23:34:29.241267+07:00,,0
/Users/z/Downloads/Kat_Rec/channels/kat_lofi/library/songs/Prince on the Sidewalk.mp3,Prince on the Sidewalk.mp3,Prince on the Sidewalk,188.424,2025-10-15T23:41:52.111500+07:00,,0
/Users/z/Downloads/Kat_Rec/channels/kat_lofi/library/songs/Purring in the Knitted Fold.mp3,Purring in the Knitted Fold.mp3,Purring in the Knitted Fold,88.632,2025-10-15T23:52:50.858737+07:00,,0
/Users/z/Downloads/Kat_Rec/channels/kat_lofi/library/songs/Quiet Field.mp3,Quiet Field.mp3,Quiet Field,127.944,2025-10-15T23:46:19.951382+07:00,,0
/Users/z/Downloads/Kat_Rec/channels/kat_lofi/library/songs/Quiet Hours Between Seconds.mp3,Quiet Hours Between Seconds.mp3,Quiet Hours Between Seconds,152.304,2025-10-15T23:32:53.969296+07:00,,0
/Users/z/Downloads/Kat_Rec/channels/kat_lofi/library/songs/Quiet House Dreams.mp3,Quiet House Dreams.mp3,Quiet House Dreams,139.944,2025-10-15T23:44:35.798821+07:00,,0
/Users/z/Downloads/Kat_Rec/channels/kat_lofi/library/songs/Quiet Tides.mp3,Quiet Tides.mp3,Quiet Tides,202.560,2025-10-13T23:33:39.870708+07:00,,0
/Users/z/Downloads/Kat_Rec/channels/kat_lofi/library/songs/Raindrop Rhythm for Two.mp3,Raindrop Rhythm for Two.mp3,Raindrop Rhythm for Two,176.040,2025-10-15T23:49:42.039404+07:00,,0
/Users/z/Downloads/Kat_Rec/channels/kat_lofi/library/songs/Raindrops Under Old Streetlights .mp3,Raindrops Under Old Streetlights .mp3,Raindrops Under Old Streetlights,192.432,2025-10-13T23:35:02.234588+07:00,,0
/Users/z/Downloads/Kat_Rec/channels/kat_lofi/library/songs/Rainy Café Blues.mp3,Rainy Café Blues.mp3,Rainy Café Blues,182.760,2025-10-13T23:35:11.460747+07:00,,0
/Users/z/Downloads/Kat_Rec/channels/kat_lofi/library/songs/Rainy Café Reverie.mp3,Rainy Café Reverie.mp3,Rainy Café Reverie,130.752,2025-10-13T23:35:27.272888+07:00,,0
/Users/z/Downloads/Kat_Rec/channels/kat_lofi/library/songs/Rainy Café Reverie Part II.mp3,Rainy Café Reverie Part II.mp3,Rainy Café Reverie Part II,168.864,2025-10-13T23:35:18.131706+07:00,,0
/Users/z/Downloads/Kat_Rec/channels/kat_lofi/library/songs/Rainy Days.mp3,Rainy Days.mp3,Rainy Days,134.880,2025-10-15T23:19:43.698400+07:00,,0
/Users/z/Downloads/Kat_Rec/channels/kat_lofi/library/songs/Redwood in Reverb.mp3,Redwood in Reverb.mp3,Redwood in Reverb,147.432,2025-10-15T23:34:13.662018+07:00,,0
/Users/z/Downloads/Kat_Rec/channels/kat_lofi/library/songs/Redwood Rings and Memory.mp3,Redwood Rings and Memory.mp3,Redwood Rings and Memory,189.072,2025-10-15T23:34:16.319620+07:00,,0
/Users/z/Downloads/Kat_Rec/channels/kat_lofi/library/songs/Retro Lights Falling Through Midnight Streets.mp3,Retro Lights Falling Through Midnight Streets.mp3,Retro Lights Falling Through Midnight Streets,217.392,2025-10-13T23:36:59.600716+07:00,,0
/Users/z/Downloads/Kat_Rec/channels/kat_lofi/library/songs/Retro Mirage Over Electric Boulevards.mp3,Retro Mirage Over Electric Boulevards.mp3,Retro Mirage Over Electric Boulevards,253.104,2025-10-13T23:36:01.752786+07:00,,0
/Users/z/Downloads/Kat_Rec/channels/kat_lofi/library/songs/Return to the Warmest Room.mp3,Return to the Warmest Room.mp3,Return to the Warmest Room,131.760,2025-10-15T23:30:31.925432+07:00,,0
/Users/z/Downloads/Kat_Rec/channels/kat_lofi/library/songs/Reverb from Alberta Street.mp3,Reverb from Alberta Street.mp3,Reverb from Alberta Street,149.880,2025-10-15T23:43:07.349814+07:00,,0
/Users/z/Downloads/Kat_Rec/channels/kat_lofi/library/songs/River Letters on a Mossy Afternoon.mp3,River Letters on a Mossy Afternoon.mp3,River Letters on a Mossy Afternoon,142.224,2025-10-13T23:34:33.783098+07:00,,0
/Users/z/Downloads/Kat_Rec/channels/kat_lofi/library/songs/Rooftops and Tangerines.mp3,Rooftops and Tangerines.mp3,Rooftops and Tangerines,104.880,2025-10-15T23:42:48.715910+07:00,,0
/Users/z/Downloads/Kat_Rec/channels/kat_lofi/library/songs/Sagebrush Sunset Tapes.mp3,Sagebrush Sunset Tapes.mp3,Sagebrush Sunset Tapes,135.264,2025-10-15T23:41:47.388539+07:00,,0
/Users/z/Downloads/Kat_Rec/channels/kat_lofi/library/songs/Saguaro in Silhouette.mp3,Saguaro in Silhouette.mp3,Saguaro in Silhouette,161.592,2025-10-15T23:34:39.581390+07:00,,0
/Users/z/Downloads/Kat_Rec/channels/kat_lofi/library/songs/Salt Breeze Afternoon Groove.mp3,Salt Breeze Afternoon Groove.mp3,Salt Breeze Afternoon Groove,178.632,2025-10-13T23:33:55.625026+07:00,,0
/Users/z/Downloads/Kat_Rec/channels/kat_lofi/library/songs/Sax Under Rain-Soaked Lights.mp3,Sax Under Rain-Soaked Lights.mp3,Sax Under Rain Soaked Lights,114.792,2025-10-13T23:38:22.303539+07:00,,0
/Users/z/Downloads/Kat_Rec/channels/kat_lofi/library/songs/Saxophone Echoes Beneath Neon Showers.mp3,Saxophone Echoes Beneath Neon Showers.mp3,Saxophone Echoes Beneath Neon Showers,364.512,2025-10-13T23:38:20.060776+07:00,,0
/Users/z/Downloads/Kat_Rec/channels/kat_lofi/library/songs/Shadows Carved in Ancient Ice.mp3,Shadows Carved in Ancient Ice.mp3,Shadows Carved in Ancient Ice,154.104,2025-10-13T23:36:54.207739+07:00,,0
/Users/z/Downloads/Kat_Rec/channels/kat_lofi/library/songs/Shared Across the Table.mp3,Shared Across the Table.mp3,Shared Across the Table,128.064,2025-10-15T23:49:28.882962+07:00,,0
/Users/z/Downloads/Kat_Rec/channels/kat_lofi/library/songs/Shared Frequencies.mp3,Shared Frequencies.mp3,Shared Frequencies,122.664,2025-10-15T23:28:37.419089+07:00,,0
/Users/z/Downloads/Kat_Rec/channels/kat_lofi/library/songs/Shared Silence.mp3,Shared Silence.mp3,Shared Silence,125.664,2025-10-15T23:19:52.821585+07:00,,0
/Users/z/Downloads/Kat_Rec/channels/kat_lofi/library/songs/Shuttered Dreams.mp3,Shuttered Dreams.mp3,Shuttered Dreams,117.600,2025-10-15T23:48:47.703327+07:00,,0
/Users/z/Downloads/Kat_Rec/channels/kat_lofi/library/songs/Shy Smiles in the Park.mp3,Shy Smiles in the Park.mp3,Shy Smiles in the Park,128.760,2025-10-15T23:48:51.237998+07:00,,0
/Users/z/Downloads/Kat_Rec/channels/kat_lofi/library/songs/Side B Was Ours.mp3,Side B Was Ours.mp3,Side B Was Ours,166.824,2025-10-15T23:49:10.862498+07:00,,0
/Users/z/Downloads/Kat_Rec/channels/kat_lofi/library/songs/Side by Side.mp3,Side by Side.mp3,Side by Side,151.560,2025-10-15T23:21:26.913706+07:00,,0
/Users/z/Downloads/Kat_Rec/channels/kat_lofi/library/songs/Sidewalk Echoes and Giftbags.mp3,Sidewalk Echoes and Giftbags.mp3,Sidewalk Echoes and Giftbags,147.672,2025-10-15T23:44:27.862084+07:00,,0
/Users/z/Downloads/Kat_Rec/channels/kat_lofi/library/songs/Signals Through Infinite Night.mp3,Signals Through Infinite Night.mp3,Signals Through Infinite Night,192.240,2025-10-13T23:40:26.717190+07:00,,0
/Users/z/Downloads/Kat_Rec/channels/kat_lofi/library/songs/Silent Corners.mp3,Silent Corners.mp3,Silent Corners,119.880,2025-10-15T23:28:24.389419+07:00,,0
/Users/z/Downloads/Kat_Rec/channels/kat_lofi/library/songs/Silent Signals.mp3,Silent Signals.mp3,Silent Signals,132.720,2025-10-15T23:19:58.134274+07:00,,0
/Users/z/Downloads/Kat_Rec/channels/kat_lofi/library/songs/Skyline Dreams.mp3,Skyline Dreams.mp3,Skyline Dreams,134.952,2025-10-13T23:27:38.084975+07:00,,0
/Users/z/Downloads/Kat_Rec/channels/kat_lofi/library/songs/Skyline Dreams Fade Beneath City Lights.mp3,Skyline Dreams Fade Beneath City Lights.mp3,Skyline Dreams Fade Beneath City Lights,100.800,2025-10-13T23:27:48.825262+07:00,,0
/Users/z/Downloads/Kat_Rec/channels/kat_lofi/library/songs/Sleep Broadcast on Channel 9.mp3,Sleep Broadcast on Channel 9.mp3,Sleep Broadcast on Channel 9,107.904,2025-10-15T23:52:01.694656+07:00,,0
/Users/z/Downloads/Kat_Rec/channels/kat_lofi/library/songs/Sleep Sachet Sonata.mp3,Sleep Sachet Sonata.mp3,Sleep Sachet Sonata,159.912,2025-10-15T23:50:05.397646+07:00,,0
/Users/z/Downloads/Kat_Rec/channels/kat_lofi/library/songs/Smell of Ink Between the Lines.mp3,Smell of Ink Between the Lines.mp3,Smell of Ink Between the Lines,144.912,2025-10-15T23:51:40.553797+07:00,,0
/Users/z/Downloads/Kat_Rec/channels/kat_lofi/library/songs/Snowbound Echoes.mp3,Snowbound Echoes.mp3,Snowbound Echoes,274.992,2025-10-13T23:39:07.134067+07:00,,0
/Users/z/Downloads/Kat_Rec/channels/kat_lofi/library/songs/Snowfall Memory.mp3,Snowfall Memory.mp3,Snowfall Memory,125.712,2025-10-15T23:45:52.469842+07:00,,0
/Users/z/Downloads/Kat_Rec/channels/kat_lofi/library/songs/Snowfall on Wooden Floors.mp3,Snowfall on Wooden Floors.mp3,Snowfall on Wooden Floors,146.472,2025-10-16T00:00:06.995482+07:00,,0
/Users/z/Downloads/Kat_Rec/channels/kat_lofi/library/songs/Snowfall Serenade.mp3,Snowfall Serenade.mp3,Snowfall Serenade,141.600,2025-10-16T00:00:03.225616+07:00,,0
/Users/z/Downloads/Kat_Rec/channels/kat_lofi/library/songs/Snowfall Silhouettes.mp3,Snowfall Silhouettes.mp3,Snowfall Silhouettes,137.832,2025-10-15T23:44:29.210693+07:00,,0
/Users/z/Downloads/Kat_Rec/channels/kat_lofi/library/songs/Snowlight on Stationery.mp3,Snowlight on Stationery.mp3,Snowlight on Stationery,100.824,2025-10-15T23:45:59.431553+07:00,,0
/Users/z/Downloads/Kat_Rec/channels/kat_lofi/library/songs/Snowmelt and Silence.mp3,Snowmelt and Silence.mp3,Snowmelt and Silence,159.024,2025-10-15T23:43:47.761281+07:00,,0
/Users/z/Downloads/Kat_Rec/channels/kat_lofi/library/songs/Snowy Glow.mp3,Snowy Glow.mp3,Snowy Glow,159.720,2025-10-15T23:59:59.343685+07:00,,0
/Users/z/Downloads/Kat_Rec/channels/kat_lofi/library/songs/Soft Goodbyes.mp3,Soft Goodbyes.mp3,Soft Goodbyes,150.000,2025-10-15T23:48:39.023936+07:00,,0
/Users/z/Downloads/Kat_Rec/channels/kat_lofi/library/songs/Soft Landings in Sepia Light.mp3,Soft Landings in Sepia Light.mp3,Soft Landings in Sepia Light,136.992,2025-10-15T23:40:48.848742+07:00,,0
/Users/z/Downloads/Kat_Rec/channels/kat_lofi/library/songs/Soft Loops and Sleepy Ears.mp3,Soft Loops and Sleepy Ears.mp3,Soft Loops and Sleepy Ears,122.712,2025-10-15T23:52:49.103238+07:00,,0
/Users/z/Downloads/Kat_Rec/channels/kat_lofi/library/songs/Soft Turns Around an Invisible Moon.mp3,Soft Turns Around an Invisible Moon.mp3,Soft Turns Around an Invisible Moon,202.680,2025-10-13T23:30:12.437052+07:00,,0
/Users/z/Downloads/Kat_Rec/channels/kat_lofi/library/songs/Soft Wind Past the Mailbox.mp3,Soft Wind Past the Mailbox.mp3,Soft Wind Past the Mailbox,114.240,2025-10-15T23:30:19.437587+07:00,,0
/Users/z/Downloads/Kat_Rec/channels/kat_lofi/library/songs/SoHo in Static.mp3,SoHo in Static.mp3,SoHo in Static,138.072,2025-10-15T23:42:51.994680+07:00,,0
/Users/z/Downloads/Kat_Rec/channels/kat_lofi/library/songs/Soil Scent and Soft Delay.mp3,Soil Scent and Soft Delay.mp3,Soil Scent and Soft Delay,172.080,2025-10-15T23:50:28.489575+07:00,,0
/Users/z/Downloads/Kat_Rec/channels/kat_lofi/library/songs/Soul Loops from Woodward Ave.mp3,Soul Loops from Woodward Ave.mp3,Soul Loops from Woodward Ave,143.232,2025-10-15T23:41:37.842297+07:00,,0
/Users/z/Downloads/Kat_Rec/channels/kat_lofi/library/songs/Southern Stillness.mp3,Southern Stillness.mp3,Southern Stillness,169.920,2025-10-15T23:34:22.920179+07:00,,0
/Users/z/Downloads/Kat_Rec/channels/kat_lofi/library/songs/Spanish Moss and Loops.mp3,Spanish Moss and Loops.mp3,Spanish Moss and Loops,93.960,2025-10-15T23:41:33.721745+07:00,,0
/Users/z/Downloads/Kat_Rec/channels/kat_lofi/library/songs/Spice in the Air.mp3,Spice in the Air.mp3,Spice in the Air,155.400,2025-10-15T23:44:14.018812+07:00,,0
/Users/z/Downloads/Kat_Rec/channels/kat_lofi/library/songs/Springtime Serenade.mp3,Springtime Serenade.mp3,Springtime Serenade,99.432,2025-10-15T23:40:38.377878+07:00,,0
/Users/z/Downloads/Kat_Rec/channels/kat_lofi/library/songs/Stardust Drip.mp3,Stardust Drip.mp3,Stardust Drip,120.000,2025-10-13T23:28:58.714874+07:00,,0
/Users/z/Downloads/Kat_Rec/channels/kat_lofi/library/songs/Starfield.mp3,Starfield.mp3,Starfield,243.384,2025-10-13T23:38:35.244729+07:00,,0
/Users/z/Downloads/Kat_Rec/channels/kat_lofi/library/songs/Starlight Currents Through Nebulae.mp3,Starlight Currents Through Nebulae.mp3,Starlight Currents Through Nebulae,390.024,2025-10-13T23:40:06.967837+07:00,,0
/Users/z/Downloads/Kat_Rec/channels/kat_lofi/library/songs/Starlight Drift.mp3,Starlight Drift.mp3,Starlight Drift,152.472,2025-10-13T23:31:09.833729+07:00,,0
/Users/z/Downloads/Kat_Rec/channels/kat_lofi/library/songs/Starlight Sway.mp3,Starlight Sway.mp3,Starlight Sway,178.320,2025-10-13T23:30:49.193924+07:00,,0
/Users/z/Downloads/Kat_Rec/channels/kat_lofi/library/songs/Starlit Boulevards of Forgotten Galaxies.mp3,Starlit Boulevards of Forgotten Galaxies.mp3,Starlit Boulevards of Forgotten Galaxies,141.360,2025-10-13T23:36:06.446433+07:00,,0
/Users/z/Downloads/Kat_Rec/channels/kat_lofi/library/songs/Starlit Circuits Over Silent Orbits.mp3,Starlit Circuits Over Silent Orbits.mp3,Starlit Circuits Over Silent Orbits,190.032,2025-10-13T23:34:43.155969+07:00,,0
/Users/z/Downloads/Kat_Rec/channels/kat_lofi/library/songs/Starlit Drift.mp3,Starlit Drift.mp3,Starlit Drift,172.320,2025-10-13T23:27:58.079862+07:00,,0
/Users/z/Downloads/Kat_Rec/channels/kat_lofi/library/songs/Starlit Petals.mp3,Starlit Petals.mp3,Starlit Petals,219.624,2025-10-13T23:39:13.566942+07:00,,0
/Users/z/Downloads/Kat_Rec/channels/kat_lofi/library/songs/Starwatchers Waiting in Quiet Rooms.mp3,Starwatchers Waiting in Quiet Rooms.mp3,Starwatchers Waiting in Quiet Rooms,229.512,2025-10-13T23:33:18.787323+07:00,,0
/Users/z/Downloads/Kat_Rec/channels/kat_lofi/library/songs/Starwave 47.mp3,Starwave 47.mp3,Starwave 47,178.032,2025-10-13T23:39:44.397971+07:00,,0
/Users/z/Downloads/Kat_Rec/channels/kat_lofi/library/songs/Static Between the Songs.mp3,Static Between the Songs.mp3,Static Between the Songs,148.104,2025-10-15T23:53:26.126439+07:00,,0
/Users/z/Downloads/Kat_Rec/channels/kat_lofi/library/songs/Steam Lines Across the Countertop.mp3,Steam Lines Across the Countertop.mp3,Steam Lines Across the Countertop,132.000,2025-10-15T23:19:28.721086+07:00,,0
/Users/z/Downloads/Kat_Rec/channels/kat_lofi/library/songs/Steam on the Sill.mp3,Steam on the Sill.mp3,Steam on the Sill,181.224,2025-10-15T23:31:21.203477+07:00,,0
/Users/z/Downloads/Kat_Rec/channels/kat_lofi/library/songs/Steeped in Silence.mp3,Steeped in Silence.mp3,Steeped in Silence,162.432,2025-10-15T23:33:25.623574+07:00,,0
/Users/z/Downloads/Kat_Rec/channels/kat_lofi/library/songs/Stellar Reverie.mp3,Stellar Reverie.mp3,Stellar Reverie,199.320,2025-10-13T23:37:23.256242+07:00,,0
/Users/z/Downloads/Kat_Rec/channels/kat_lofi/library/songs/Steps on Haight Street.mp3,Steps on Haight Street.mp3,Steps on Haight Street,151.752,2025-10-15T23:42:42.402159+07:00,,0
/Users/z/Downloads/Kat_Rec/channels/kat_lofi/library/songs/Still Close.mp3,Still Close.mp3,Still Close,126.192,2025-10-15T23:21:16.876078+07:00,,0
"/Users/z/Downloads/Kat_Rec/channels/kat_lofi/library/songs/Still Sweet, Still Soft.mp3","Still Sweet, Still Soft.mp3","Still Sweet, Still Soft",114.504,2025-10-15T23:29:07.227945+07:00,,0
/Users/z/Downloads/Kat_Rec/channels/kat_lofi/library/songs/Streetlight Serenade.mp3,Streetlight Serenade.mp3,Streetlight Serenade,140.952,2025-10-15T23:42:28.184487+07:00,,0
/Users/z/Downloads/Kat_Rec/channels/kat_lofi/library/songs/String Lights and Solitude.mp3,String Lights and Solitude.mp3,String Lights and Solitude,127.560,2025-10-15T23:54:02.754940+07:00,,0
/Users/z/Downloads/Kat_Rec/channels/kat_lofi/library/songs/Strings and Snow in the Crowd.mp3,Strings and Snow in the Crowd.mp3,Strings and Snow in the Crowd,189.984,2025-10-15T23:44:11.565259+07:00,,0
/Users/z/Downloads/Kat_Rec/channels/kat_lofi/library/songs/Strummed on 12 South.mp3,Strummed on 12 South.mp3,Strummed on 12 South,160.632,2025-10-15T23:42:08.974730+07:00,,0
/Users/z/Downloads/Kat_Rec/channels/kat_lofi/library/songs/Sugar and Spice.mp3,Sugar and Spice.mp3,Sugar and Spice,126.000,2025-10-15T23:29:51.777580+07:00,,0
/Users/z/Downloads/Kat_Rec/channels/kat_lofi/library/songs/Sugar and Steam.mp3,Sugar and Steam.mp3,Sugar and Steam,146.184,2025-10-15T23:18:34.416658+07:00,,0
/Users/z/Downloads/Kat_Rec/channels/kat_lofi/library/songs/Sugar Maple Memories.mp3,Sugar Maple Memories.mp3,Sugar Maple Memories,190.920,2025-10-15T23:35:04.468431+07:00,,0
/Users/z/Downloads/Kat_Rec/channels/kat_lofi/library/songs/Suitcase Jazz and Headlines.mp3,Suitcase Jazz and Headlines.mp3,Suitcase Jazz and Headlines,122.520,2025-10-15T23:40:53.789454+07:00,,0
/Users/z/Downloads/Kat_Rec/channels/kat_lofi/library/songs/Sunbeam on the Floorboards.mp3,Sunbeam on the Floorboards.mp3,Sunbeam on the Floorboards,136.344,2025-10-15T23:53:18.554870+07:00,,0
/Users/z/Downloads/Kat_Rec/channels/kat_lofi/library/songs/Sunlight on Citrus Hands.mp3,Sunlight on Citrus Hands.mp3,Sunlight on Citrus Hands,157.032,2025-10-15T23:51:32.182166+07:00,,0
/Users/z/Downloads/Kat_Rec/channels/kat_lofi/library/songs/Sunlight Touches the Spine.mp3,Sunlight Touches the Spine.mp3,Sunlight Touches the Spine,121.920,2025-10-15T23:46:50.711764+07:00,,0
/Users/z/Downloads/Kat_Rec/channels/kat_lofi/library/songs/Sunset Trails.mp3,Sunset Trails.mp3,Sunset Trails,180.744,2025-10-13T23:37:41.619169+07:00,,0
/Users/z/Downloads/Kat_Rec/channels/kat_lofi/library/songs/Terra Resonance .mp3,Terra Resonance .mp3,Terra Resonance,232.560,2025-10-13T23:40:02.040648+07:00,,0
/Users/z/Downloads/Kat_Rec/channels/kat_lofi/library/songs/That Glance Was the Whole Paragraph.mp3,That Glance Was the Whole Paragraph.mp3,That Glance Was the Whole Paragraph,121.392,2025-10-15T23:20:01.402856+07:00,,0
/Users/z/Downloads/Kat_Rec/channels/kat_lofi/library/songs/That L Train Feeling.mp3,That L Train Feeling.mp3,That L Train Feeling,131.472,2025-10-15T23:42:23.414459+07:00,,0
/Users/z/Downloads/Kat_Rec/channels/kat_lofi/library/songs/The Blanket.mp3,The Blanket.mp3,The Blanket,132.024,2025-10-15T23:27:45.941723+07:00,,0
/Users/z/Downloads/Kat_Rec/channels/kat_lofi/library/songs/The Chalkboard.mp3,The Chalkboard.mp3,The Chalkboard,130.944,2025-10-15T23:27:28.278059+07:00,,0
/Users/z/Downloads/Kat_Rec/channels/kat_lofi/library/songs/The Couch .mp3,The Couch .mp3,The Couch,144.024,2025-10-15T23:19:55.478335+07:00,,0
/Users/z/Downloads/Kat_Rec/channels/kat_lofi/library/songs/The Day It Started Snowing.mp3,The Day It Started Snowing.mp3,The Day It Started Snowing,177.984,2025-10-15T23:53:46.809387+07:00,,0
/Users/z/Downloads/Kat_Rec/channels/kat_lofi/library/songs/The Flame That Stayed.mp3,The Flame That Stayed.mp3,The Flame That Stayed,151.320,2025-10-15T23:31:30.547101+07:00,,0
/Users/z/Downloads/Kat_Rec/channels/kat_lofi/library/songs/The Frame That Forgot to Fade.mp3,The Frame That Forgot to Fade.mp3,The Frame That Forgot to Fade,133.824,2025-10-15T23:32:19.798615+07:00,,0
/Users/z/Downloads/Kat_Rec/channels/kat_lofi/library/songs/The Heater Hummed Me Home.mp3,The Heater Hummed Me Home.mp3,The Heater Hummed Me Home,151.584,2025-10-15T23:29:59.158857+07:00,,0
/Users/z/Downloads/Kat_Rec/channels/kat_lofi/library/songs/The Mug That Held a Quiet Morning.mp3,The Mug That Held a Quiet Morning.mp3,The Mug That Held a Quiet Morning,150.624,2025-10-15T23:33:22.773302+07:00,,0
/Users/z/Downloads/Kat_Rec/channels/kat_lofi/library/songs/The Notebook with No Title.mp3,The Notebook with No Title.mp3,The Notebook with No Title,124.752,2025-10-15T23:33:09.490970+07:00,,0
/Users/z/Downloads/Kat_Rec/channels/kat_lofi/library/songs/The Pie Wasn’t the Only Thing Warm.mp3,The Pie Wasn’t the Only Thing Warm.mp3,The Pie Wasn’t the Only Thing Warm,136.512,2025-10-15T23:29:02.069504+07:00,,0
/Users/z/Downloads/Kat_Rec/channels/kat_lofi/library/songs/The Plant That Listens.mp3,The Plant That Listens.mp3,The Plant That Listens,162.552,2025-10-15T23:33:03.043175+07:00,,0
/Users/z/Downloads/Kat_Rec/channels/kat_lofi/library/songs/The Room Echoes You Best at Night.mp3,The Room Echoes You Best at Night.mp3,The Room Echoes You Best at Night,155.952,2025-10-15T23:44:16.760738+07:00,,0
/Users/z/Downloads/Kat_Rec/channels/kat_lofi/library/songs/The Space Between What We Felt.mp3,The Space Between What We Felt.mp3,The Space Between What We Felt,164.712,2025-10-15T23:27:57.896129+07:00,,0
/Users/z/Downloads/Kat_Rec/channels/kat_lofi/library/songs/The Spoon That Stirred Silence.mp3,The Spoon That Stirred Silence.mp3,The Spoon That Stirred Silence,89.040,2025-10-15T23:32:41.593250+07:00,,0
/Users/z/Downloads/Kat_Rec/channels/kat_lofi/library/songs/The Switch That Kept Us Close.mp3,The Switch That Kept Us Close.mp3,The Switch That Kept Us Close,133.824,2025-10-15T23:31:33.416775+07:00,,0
/Users/z/Downloads/Kat_Rec/channels/kat_lofi/library/songs/The Umbrella Paused for Two.mp3,The Umbrella Paused for Two.mp3,The Umbrella Paused for Two,94.440,2025-10-15T23:21:08.751943+07:00,,0
/Users/z/Downloads/Kat_Rec/channels/kat_lofi/library/songs/The Window Seat That Listens.mp3,The Window Seat That Listens.mp3,The Window Seat That Listens,119.712,2025-10-15T23:19:19.376270+07:00,,0
/Users/z/Downloads/Kat_Rec/channels/kat_lofi/library/songs/There Was Cocoa for Two.mp3,There Was Cocoa for Two.mp3,There Was Cocoa for Two,139.824,2025-10-15T23:44:41.859426+07:00,,0
/Users/z/Downloads/Kat_Rec/channels/kat_lofi/library/songs/There Was Foam on Both Cups.mp3,There Was Foam on Both Cups.mp3,There Was Foam on Both Cups,142.944,2025-10-15T23:28:27.046156+07:00,,0
/Users/z/Downloads/Kat_Rec/channels/kat_lofi/library/songs/Through the Curtains.mp3,Through the Curtains.mp3,Through the Curtains,69.000,2025-10-15T23:30:22.126419+07:00,,0
/Users/z/Downloads/Kat_Rec/channels/kat_lofi/library/songs/Through the Pane.mp3,Through the Pane.mp3,Through the Pane,136.872,2025-10-15T23:32:46.517801+07:00,,0
/Users/z/Downloads/Kat_Rec/channels/kat_lofi/library/songs/Ticking Between Dreams.mp3,Ticking Between Dreams.mp3,Ticking Between Dreams,162.552,2025-10-15T23:30:52.525738+07:00,,0
/Users/z/Downloads/Kat_Rec/channels/kat_lofi/library/songs/Tide.mp3,Tide.mp3,Tide,132.912,2025-10-15T23:46:48.928195+07:00,,0
/Users/z/Downloads/Kat_Rec/channels/kat_lofi/library/songs/Tides and Tape Saturation.mp3,Tides and Tape Saturation.mp3,Tides and Tape Saturation,126.624,2025-10-15T23:41:02.525562+07:00,,0
/Users/z/Downloads/Kat_Rec/channels/kat_lofi/library/songs/Tides Whispering Over Inked Margins.mp3,Tides Whispering Over Inked Margins.mp3,Tides Whispering Over Inked Margins,195.192,2025-10-13T23:32:15.656603+07:00,,0
/Users/z/Downloads/Kat_Rec/channels/kat_lofi/library/songs/Time Moves Like Tea Steam.mp3,Time Moves Like Tea Steam.mp3,Time Moves Like Tea Steam,154.152,2025-10-15T23:32:57.135799+07:00,,0
/Users/z/Downloads/Kat_Rec/channels/kat_lofi/library/songs/Tiny Dancers in Snow Globes.mp3,Tiny Dancers in Snow Globes.mp3,Tiny Dancers in Snow Globes,166.392,2025-10-15T23:44:32.277070+07:00,,0
/Users/z/Downloads/Kat_Rec/channels/kat_lofi/library/songs/Tiny Teaspoon Conversations.mp3,Tiny Teaspoon Conversations.mp3,Tiny Teaspoon Conversations,164.112,2025-10-15T23:18:31.586623+07:00,,0
/Users/z/Downloads/Kat_Rec/channels/kat_lofi/library/songs/Towers and Confessions.mp3,Towers and Confessions.mp3,Towers and Confessions,154.032,2025-10-15T23:48:58.310241+07:00,,0
/Users/z/Downloads/Kat_Rec/channels/kat_lofi/library/songs/Traffic Paused for a Sip.mp3,Traffic Paused for a Sip.mp3,Traffic Paused for a Sip,170.184,2025-10-15T23:18:54.100419+07:00,,0
/Users/z/Downloads/Kat_Rec/channels/kat_lofi/library/songs/Train Seats Without Words.mp3,Train Seats Without Words.mp3,Train Seats Without Words,117.840,2025-10-15T23:21:30.004565+07:00,,0
/Users/z/Downloads/Kat_Rec/channels/kat_lofi/library/songs/Twilight Sax on the Overpass.mp3,Twilight Sax on the Overpass.mp3,Twilight Sax on the Overpass,193.464,2025-10-13T23:34:19.637915+07:00,,0
/Users/z/Downloads/Kat_Rec/channels/kat_lofi/library/songs/Two Mugs and No Questions.mp3,Two Mugs and No Questions.mp3,Two Mugs and No Questions,146.352,2025-10-15T23:19:46.617727+07:00,,0
/Users/z/Downloads/Kat_Rec/channels/kat_lofi/library/songs/Two Spoons One Mug.mp3,Two Spoons One Mug.mp3,Two Spoons One Mug,132.744,2025-10-15T23:18:28.662956+07:00,,0
/Users/z/Downloads/Kat_Rec/channels/kat_lofi/library/songs/Under Blankets with You.mp3,Under Blankets with You.mp3,Under Blankets with You,129.744,2025-10-15T23:53:39.878054+07:00,,0
/Users/z/Downloads/Kat_Rec/channels/kat_lofi/library/songs/Under the Covers of Sunday.mp3,Under the Covers of Sunday.mp3,Under the Covers of Sunday,198.792,2025-10-15T23:33:15.445489+07:00,,0
/Users/z/Downloads/Kat_Rec/channels/kat_lofi/library/songs/Uneven Blanket Sharing.mp3,Uneven Blanket Sharing.mp3,Uneven Blanket Sharing,118.632,2025-10-15T23:27:48.827437+07:00,,0
/Users/z/Downloads/Kat_Rec/channels/kat_lofi/library/songs/Vanilla and Violin on Cobblestone.mp3,Vanilla and Violin on Cobblestone.mp3,Vanilla and Violin on Cobblestone,124.992,2025-10-15T23:29:24.804609+07:00,,0
/Users/z/Downloads/Kat_Rec/channels/kat_lofi/library/songs/Vanilla Dust in Stereo.mp3,Vanilla Dust in Stereo.mp3,Vanilla Dust in Stereo,124.752,2025-10-15T23:50:36.238754+07:00,,0
/Users/z/Downloads/Kat_Rec/channels/kat_lofi/library/songs/Vanilla Memory.mp3,Vanilla Memory.mp3,Vanilla Memory,149.664,2025-10-15T23:29:11.775038+07:00,,0
/Users/z/Downloads/Kat_Rec/channels/kat_lofi/library/songs/Velvet Constellations Over Silent Horizons.mp3,Velvet Constellations Over Silent Horizons.mp3,Velvet Constellations Over Silent Horizons,183.552,2025-10-13T23:40:36.649783+07:00,,0
/Users/z/Downloads/Kat_Rec/channels/kat_lofi/library/songs/Velvet Echoes.mp3,Velvet Echoes.mp3,Velvet Echoes,218.424,2025-10-13T23:33:43.855683+07:00,,0
/Users/z/Downloads/Kat_Rec/channels/kat_lofi/library/songs/Velvet Orbit.mp3,Velvet Orbit.mp3,Velvet Orbit,145.584,2025-10-13T23:30:00.855932+07:00,,0
/Users/z/Downloads/Kat_Rec/channels/kat_lofi/library/songs/Velvet Sax Echoes in Quiet Neon Lounges.mp3,Velvet Sax Echoes in Quiet Neon Lounges.mp3,Velvet Sax Echoes in Quiet Neon Lounges,306.312,2025-10-13T23:39:32.291941+07:00,,0
/Users/z/Downloads/Kat_Rec/channels/kat_lofi/library/songs/Velvet Throne of Fur.mp3,Velvet Throne of Fur.mp3,Velvet Throne of Fur,101.280,2025-10-15T23:52:27.871792+07:00,,0
/Users/z/Downloads/Kat_Rec/channels/kat_lofi/library/songs/Verdant Circuits Breathing Softly.mp3,Verdant Circuits Breathing Softly.mp3,Verdant Circuits Breathing Softly,167.760,2025-10-13T23:32:53.985543+07:00,,0
/Users/z/Downloads/Kat_Rec/channels/kat_lofi/library/songs/Verdant Echoes.mp3,Verdant Echoes.mp3,Verdant Echoes,337.512,2025-10-13T23:37:59.731054+07:00,,0
/Users/z/Downloads/Kat_Rec/channels/kat_lofi/library/songs/Vinyl in the Vieux Carré.mp3,Vinyl in the Vieux Carré.mp3,Vinyl in the Vieux Carré,129.984,2025-10-15T23:43:11.384568+07:00,,0
/Users/z/Downloads/Kat_Rec/assets/sfx/Vinyl_Noise.mp3,Vinyl_Noise.mp3,Vinyl Noise,7.180,2025-10-14T16:58:29.830498+07:00,,0
/Users/z/Downloads/Kat_Rec/channels/kat_lofi/library/songs/Waikiki Window Light.mp3,Waikiki Window Light.mp3,Waikiki Window Light,118.200,2025-10-15T23:40:59.181917+07:00,,0
/Users/z/Downloads/Kat_Rec/channels/kat_lofi/library/songs/Waiting for Christmas Alone.mp3,Waiting for Christmas Alone.mp3,Waiting for Christmas Alone,167.352,2025-10-15T23:54:06.260871+07:00,,0
/Users/z/Downloads/Kat_Rec/channels/kat_lofi/library/songs/Warm as the Steam.mp3,Warm as the Steam.mp3,Warm as the Steam,118.584,2025-10-15T23:30:30.329041+07:00,,0
/Users/z/Downloads/Kat_Rec/channels/kat_lofi/library/songs/Warm Buttered Mornings.mp3,Warm Buttered Mornings.mp3,Warm Buttered Mornings,165.000,2025-10-15T23:51:46.202704+07:00,,0
/Users/z/Downloads/Kat_Rec/channels/kat_lofi/library/songs/Warm Cotton Dreams.mp3,Warm Cotton Dreams.mp3,Warm Cotton Dreams,174.984,2025-10-15T23:50:50.198397+07:00,,0
/Users/z/Downloads/Kat_Rec/channels/kat_lofi/library/songs/Warm Socks in Winter Sun.mp3,Warm Socks in Winter Sun.mp3,Warm Socks in Winter Sun,135.000,2025-10-15T23:43:44.062066+07:00,,0
/Users/z/Downloads/Kat_Rec/channels/kat_lofi/library/songs/Warm Wood and Cassette Loops.mp3,Warm Wood and Cassette Loops.mp3,Warm Wood and Cassette Loops,112.272,2025-10-15T23:54:19.983469+07:00,,0
/Users/z/Downloads/Kat_Rec/channels/kat_lofi/library/songs/Warmth.mp3,Warmth.mp3,Warmth,144.264,2025-10-15T23:52:23.848318+07:00,,0
/Users/z/Downloads/Kat_Rec/channels/kat_lofi/library/songs/Warmth Before Noise.mp3,Warmth Before Noise.mp3,Warmth Before Noise,136.944,2025-10-15T23:18:21.201079+07:00,,0
/Users/z/Downloads/Kat_Rec/channels/kat_lofi/library/songs/Watching Snow with Whiskers.mp3,Watching Snow with Whiskers.mp3,Watching Snow with Whiskers,170.640,2025-10-15T23:53:11.513014+07:00,,0
/Users/z/Downloads/Kat_Rec/channels/kat_lofi/library/songs/Wax and Whisper Loops.mp3,Wax and Whisper Loops.mp3,Wax and Whisper Loops,111.864,2025-10-15T23:50:38.217823+07:00,,0
/Users/z/Downloads/Kat_Rec/channels/kat_lofi/library/songs/We Both Looked Up at the Same Sparkle.mp3,We Both Looked Up at the Same Sparkle.mp3,We Both Looked Up at the Same Sparkle,134.544,2025-10-15T23:27:42.868561+07:00,,0
/Users/z/Downloads/Kat_Rec/channels/kat_lofi/library/songs/We Hit Play at the Same Time.mp3,We Hit Play at the Same Time.mp3,We Hit Play at the Same Time,129.744,2025-10-15T23:28:31.990120+07:00,,0
/Users/z/Downloads/Kat_Rec/channels/kat_lofi/library/songs/We Never Said It Out Loud.mp3,We Never Said It Out Loud.mp3,We Never Said It Out Loud,141.024,2025-10-15T23:49:04.278099+07:00,,0
/Users/z/Downloads/Kat_Rec/channels/kat_lofi/library/songs/We Tuned In at the Same Time.mp3,We Tuned In at the Same Time.mp3,We Tuned In at the Same Time,137.184,2025-10-15T23:28:35.184390+07:00,,0
/Users/z/Downloads/Kat_Rec/channels/kat_lofi/library/songs/We Waited for Green Without Talking.mp3,We Waited for Green Without Talking.mp3,We Waited for Green Without Talking,176.040,2025-10-15T23:28:18.209461+07:00,,0
/Users/z/Downloads/Kat_Rec/channels/kat_lofi/library/songs/We Waited Without Looking Over.mp3,We Waited Without Looking Over.mp3,We Waited Without Looking Over,130.920,2025-10-15T23:27:51.498209+07:00,,0
/Users/z/Downloads/Kat_Rec/channels/kat_lofi/library/songs/West Philly Window Fog.mp3,West Philly Window Fog.mp3,West Philly Window Fog,180.480,2025-10-15T23:42:17.555622+07:00,,0
/Users/z/Downloads/Kat_Rec/channels/kat_lofi/library/songs/What Happened in This Beat.mp3,What Happened in This Beat.mp3,What Happened in This Beat,193.992,2025-10-15T23:41:18.208618+07:00,,0
/Users/z/Downloads/Kat_Rec/channels/kat_lofi/library/songs/Where the Stars Forget to Fall.mp3,Where the Stars Forget to Fall.mp3,Where the Stars Forget to Fall,182.184,2025-10-13T23:31:02.568175+07:00,,0
/Users/z/Downloads/Kat_Rec/channels/kat_lofi/library/songs/Whisper in the Rain.mp3,Whisper in the Rain.mp3,Whisper in the Rain,191.064,2025-10-15T23:31:19.180771+07:00,,0
/Users/z/Downloads/Kat_Rec/channels/kat_lofi/library/songs/Whispered Close.mp3,Whispered Close.mp3,Whispered Close,197.280,2025-10-15T23:28:11.919679+07:00,,0
/Users/z/Downloads/Kat_Rec/channels/kat_lofi/library/songs/Whispered Headlines.mp3,Whispered Headlines.mp3,Whispered Headlines,120.072,2025-10-15T23:40:56.692231+07:00,,0
/Users/z/Downloads/Kat_Rec/channels/kat_lofi/library/songs/Whispering Horizons No.7 & 9.mp3,Whispering Horizons No.7 & 9.mp3,Whispering Horizons No.7 & 9,229.032,2025-10-13T23:39:53.020115+07:00,,0
/Users/z/Downloads/Kat_Rec/channels/kat_lofi/library/songs/Whispering Meadows.mp3,Whispering Meadows.mp3,Whispering Meadows,176.064,2025-10-15T23:34:59.507801+07:00,,0
/Users/z/Downloads/Kat_Rec/channels/kat_lofi/library/songs/Whispering Pines.mp3,Whispering Pines.mp3,Whispering Pines,109.920,2025-10-15T23:46:32.917195+07:00,,0
/Users/z/Downloads/Kat_Rec/channels/kat_lofi/library/songs/Whispering Pines and Paper Lanterns.mp3,Whispering Pines and Paper Lanterns.mp3,Whispering Pines and Paper Lanterns,166.344,2025-10-13T23:34:36.949131+07:00,,0
/Users/z/Downloads/Kat_Rec/channels/kat_lofi/library/songs/Whispers of Sand Beneath Endless Horizons.mp3,Whispers of Sand Beneath Endless Horizons.mp3,Whispers of Sand Beneath Endless Horizons,226.080,2025-10-13T23:36:31.071754+07:00,,0
/Users/z/Downloads/Kat_Rec/channels/kat_lofi/library/songs/Whispers of the Dunes.mp3,Whispers of the Dunes.mp3,Whispers of the Dunes,142.632,2025-10-15T23:34:45.715052+07:00,,0
/Users/z/Downloads/Kat_Rec/channels/kat_lofi/library/songs/Wicker Park Weather.mp3,Wicker Park Weather.mp3,Wicker Park Weather,118.224,2025-10-15T23:42:21.795279+07:00,,0
/Users/z/Downloads/Kat_Rec/channels/kat_lofi/library/songs/Winter Whispers .mp3,Winter Whispers .mp3,Winter Whispers,125.640,2025-10-15T23:52:15.404222+07:00,,0
/Users/z/Downloads/Kat_Rec/channels/kat_lofi/library/songs/Wooden Steps and Tiny Echoes.mp3,Wooden Steps and Tiny Echoes.mp3,Wooden Steps and Tiny Echoes,182.952,2025-10-15T23:46:37.628458+07:00,,0
/Users/z/Downloads/Kat_Rec/channels/kat_lofi/library/songs/Wool and Window Light.mp3,Wool and Window Light.mp3,Wool and Window Light,120.744,2025-10-15T23:54:10.546829+07:00,,0
/Users/z/Downloads/Kat_Rec/channels/kat_lofi/library/songs/Wrapped in Wool.mp3,Wrapped in Wool.mp3,Wrapped in Wool,169.584,2025-10-15T23:33:18.882221+07:00,,0
/Users/z/Downloads/Kat_Rec/channels/kat_lofi/library/songs/You Didn’t Say.mp3,You Didn’t Say.mp3,You Didn’t Say,104.424,2025-10-15T23:28:04.471503+07:00,,0
"/Users/z/Downloads/Kat_Rec/channels/kat_lofi/library/songs/You Held the Mug, I Held My Breath.mp3","You Held the Mug, I Held My Breath.mp3","You Held the Mug, I Held My Breath",125.472,2025-10-15T23:18:23.284037+07:00,,0
/Users/z/Downloads/Kat_Rec/channels/kat_lofi/library/songs/You Tapped the Lid Like a Song.mp3,You Tapped the Lid Like a Song.mp3,You Tapped the Lid Like a Song,124.224,2025-10-15T23:18:50.851783+07:00,,0
/Users/z/Downloads/Kat_Rec/channels/kat_lofi/library/songs/Your Elbow Touched Mine.mp3,Your Elbow Touched Mine.mp3,Your Elbow Touched Mine,190.800,2025-10-15T23:49:41.990282+07:00,,0
/Users/z/Downloads/Kat_Rec/channels/kat_lofi/library/songs/Your Scarf Still Smelled Like Leaving.mp3,Your Scarf Still Smelled Like Leaving.mp3,Your Scarf Still Smelled Like Leaving,189.720,2025-10-15T23:21:39.721847+07:00,,0
/Users/z/Downloads/Kat_Rec/channels/kat_lofi/library/songs/Your Scent in the White Noise.mp3,Your Scent in the White Noise.mp3,Your Scent in the White Noise,134.952,2025-10-15T23:49:18.928048+07:00,,0
/Users/z/Downloads/Kat_Rec/channels/kat_lofi/library/songs/Your Voice Barely Touched the Air.mp3,Your Voice Barely Touched the Air.mp3,Your Voice Barely Touched the Air,159.312,2025-10-15T23:28:08.197652+07:00,,0
/Users/z/Downloads/Kat_Rec/channels/kat_lofi/library/songs/Zero-G Dreams.mp3,Zero-G Dreams.mp3,Zero G Dreams,162.744,2025-10-13T23:31:06.301397+07:00,,0
